{"00000-00000": 0.98876953125, "00001-00000": 0.99462890625, "00002-00000": 0.99462890625, "00003-00000": 0.9814453125, "00004-00000": 0.99169921875, "00005-00000": 0.97119140625, "00006-00000": 0.97021484375, "00007-00000": 0.98193359375, "00008-00000": 0.99462890625, "00009-00000": 0.984375, "00010-00000": 0.98046875, "00011-00000": 0.99365234375, "00012-00000": 0.984375, "00013-00000": 0.93603515625, "00014-00000": 0.99462890625, "00015-00000": 0.9833984375, "00016-00000": 0.99267578125, "00017-00000": 0.98681640625, "00018-00000": 0.94775390625, "00019-00000": 0.9609375, "00020-00000": 0.97802734375, "00021-00000": 0.9755859375, "00022-00000": 0.98046875, "00023-00000": 0.9912109375, "00024-00000": 0.98876953125, "00025-00000": 0.9599609375, "00026-00000": 0.966796875, "00027-00000": 0.9814453125, "00028-00000": 0.96630859375, "00029-00000": 0.99072265625, "00030-00000": 0.94287109375, "00031-00000": 0.9677734375, "00032-00000": 0.98583984375, "00033-00000": 0.9189453125, "00034-00000": 0.9853515625, "00035-00000": 0.98974609375, "00036-00000": 0.94580078125, "00037-00000": 0.98388671875, "00038-00000": 0.99365234375, "00039-00000": 0.9775390625, "00040-00000": 0.98583984375, "00041-00000": 0.9794921875, "00042-00000": 0.98388671875, "00043-00000": 0.9921875, "00044-00000": 0.95556640625, "00045-00000": 0.99462890625, "00046-00000": 0.98828125, "00047-00000": 0.99267578125, "00048-00000": 0.9638671875, "00049-00000": 0.9921875, "00050-00000": 0.93994140625, "00051-00000": 0.98193359375, "00052-00000": 0.97412109375, "00053-00000": 0.99365234375, "00054-00000": 0.97314453125, "00055-00000": 0.99365234375, "00056-00000": 0.96923828125, "00057-00000": 0.98486328125, "00058-00000": 0.98828125, "00059-00000": 0.994140625, "00060-00000": 0.97021484375, "00061-00000": 0.9638671875, "00062-00000": 0.98095703125, "00063-00000": 0.986328125, "00064-00000": 0.97607421875, "00065-00000": 0.9443359375, "00066-00000": 0.98046875, "00067-00000": 0.9873046875, "00068-00000": 0.98193359375, "00069-00000": 0.986328125, "00070-00000": 0.97314453125, "00071-00000": 0.93994140625, "00072-00000": 0.98974609375, "00073-00000": 0.9833984375, "00074-00000": 0.98046875, "00075-00000": 0.9814453125, "00076-00000": 0.98828125, "00077-00000": 0.9765625, "00078-00000": 0.97607421875, "00079-00000": 0.982421875, "00080-00000": 0.9931640625, "00081-00000": 0.9853515625, "00082-00000": 0.96435546875, "00083-00000": 0.95361328125, "00084-00000": 0.98291015625, "00085-00000": 0.97119140625, "00086-00000": 0.978515625, "00087-00000": 0.9814453125, "00088-00000": 0.94287109375, "00089-00000": 0.98828125, "00090-00000": 0.9658203125, "00091-00000": 0.9716796875, "00092-00000": 0.986328125, "00093-00000": 0.984375, "00094-00000": 0.90185546875, "00095-00000": 0.986328125, "00096-00000": 0.9912109375, "00097-00000": 0.97900390625, "00098-00000": 0.9658203125, "00099-00000": 0.96435546875, "00100-00000": 0.97509765625, "00101-00000": 0.994140625, "00102-00000": 0.98095703125, "00103-00000": 0.99462890625, "00104-00000": 0.9853515625, "00105-00000": 0.99560546875, "00106-00000": 0.9853515625, "00107-00000": 0.994140625, "00108-00000": 0.98291015625, "00109-00000": 0.986328125, "00110-00000": 0.99072265625, "00111-00000": 0.97119140625, "00112-00000": 0.9951171875, "00113-00000": 0.98291015625, "00114-00000": 0.99560546875, "00115-00000": 0.99365234375, "00116-00000": 0.984375, "00117-00000": 0.97216796875, "00118-00000": 0.9931640625, "00119-00000": 0.9970703125}