{"00000-00000": 0.98876953125, "00000-00001": 0.99169921875, "00000-00002": 0.990234375, "00000-00003": 0.9921875, "00000-00004": 0.990234375, "00001-00000": 0.98828125, "00001-00001": 0.99072265625, "00001-00002": 0.9912109375, "00001-00003": 0.990234375, "00001-00004": 0.9873046875, "00002-00000": 0.99267578125, "00002-00001": 0.99560546875, "00002-00002": 0.9931640625, "00002-00003": 0.9931640625, "00002-00004": 0.9931640625, "00003-00000": 0.91455078125, "00003-00001": 0.9140625, "00003-00002": 0.93701171875, "00003-00003": 0.9091796875, "00003-00004": 0.890625, "00004-00000": 0.92724609375, "00004-00001": 0.9501953125, "00004-00002": 0.97314453125, "00004-00003": 0.97265625, "00004-00004": 0.93603515625, "00005-00000": 0.95703125, "00005-00001": 0.966796875, "00005-00002": 0.9755859375, "00005-00003": 0.95263671875, "00005-00004": 0.96875, "00006-00000": 0.94384765625, "00006-00001": 0.94580078125, "00006-00002": 0.93359375, "00006-00003": 0.95068359375, "00006-00004": 0.94921875, "00007-00000": 0.94921875, "00007-00001": 0.982421875, "00007-00002": 0.98388671875, "00007-00003": 0.97412109375, "00007-00004": 0.9765625, "00008-00000": 0.98486328125, "00008-00001": 0.98193359375, "00008-00002": 0.97607421875, "00008-00003": 0.97509765625, "00008-00004": 0.96728515625, "00009-00000": 0.98486328125, "00009-00001": 0.98828125, "00009-00002": 0.947265625, "00009-00003": 0.9755859375, "00009-00004": 0.95849609375, "00010-00000": 0.9697265625, "00010-00001": 0.97216796875, "00010-00002": 0.8828125, "00010-00003": 0.97265625, "00010-00004": 0.9638671875, "00011-00000": 0.99072265625, "00011-00001": 0.97509765625, "00011-00002": 0.98779296875, "00011-00003": 0.9619140625, "00011-00004": 0.986328125, "00012-00000": 0.966796875, "00012-00001": 0.96044921875, "00012-00002": 0.9384765625, "00012-00003": 0.97509765625, "00012-00004": 0.90966796875, "00013-00000": 0.8779296875, "00013-00001": 0.90478515625, "00013-00002": 0.90673828125, "00013-00003": 0.8994140625, "00013-00004": 0.85302734375, "00014-00000": 0.98095703125, "00014-00001": 0.98291015625, "00014-00002": 0.97900390625, "00014-00003": 0.974609375, "00014-00004": 0.9873046875, "00015-00000": 0.98193359375, "00015-00001": 0.98828125, "00015-00002": 0.98681640625, "00015-00003": 0.9794921875, "00015-00004": 0.97607421875, "00016-00000": 0.9287109375, "00016-00001": 0.94189453125, "00016-00002": 0.923828125, "00016-00003": 0.91943359375, "00016-00004": 0.9404296875, "00017-00000": 0.896484375, "00017-00001": 0.93896484375, "00017-00002": 0.9267578125, "00017-00003": 0.93701171875, "00017-00004": 0.92236328125, "00018-00000": 0.9345703125, "00018-00001": 0.9580078125, "00018-00002": 0.9384765625, "00018-00003": 0.9091796875, "00018-00004": 0.919921875, "00019-00000": 0.90380859375, "00019-00001": 0.88916015625, "00019-00002": 0.83544921875, "00019-00003": 0.904296875, "00019-00004": 0.89794921875, "00020-00000": 0.96044921875, "00020-00001": 0.94287109375, "00020-00002": 0.955078125, "00020-00003": 0.94677734375, "00020-00004": 0.95751953125, "00021-00000": 0.97265625, "00021-00001": 0.978515625, "00021-00002": 0.935546875, "00021-00003": 0.93798828125, "00021-00004": 0.90625, "00022-00000": 0.95849609375, "00022-00001": 0.93798828125, "00022-00002": 0.94384765625, "00022-00003": 0.91943359375, "00022-00004": 0.94384765625, "00023-00000": 0.95751953125, "00023-00001": 0.99267578125, "00023-00002": 0.98583984375, "00023-00003": 0.990234375, "00023-00004": 0.98681640625, "00024-00000": 0.953125, "00024-00001": 0.94677734375, "00024-00002": 0.96826171875, "00024-00003": 0.9580078125, "00024-00004": 0.88916015625, "00025-00000": 0.95263671875, "00025-00001": 0.9521484375, "00025-00002": 0.92138671875, "00025-00003": 0.92431640625, "00025-00004": 0.91796875, "00026-00000": 0.9208984375, "00026-00001": 0.955078125, "00026-00002": 0.9326171875, "00026-00003": 0.93408203125, "00026-00004": 0.900390625, "00027-00000": 0.95849609375, "00027-00001": 0.95751953125, "00027-00002": 0.96875, "00027-00003": 0.97412109375, "00027-00004": 0.9638671875, "00028-00000": 0.9208984375, "00028-00001": 0.93017578125, "00028-00002": 0.9130859375, "00028-00003": 0.955078125, "00028-00004": 0.9609375, "00029-00000": 0.9794921875, "00029-00001": 0.97509765625, "00029-00002": 0.970703125, "00029-00003": 0.984375, "00029-00004": 0.970703125, "00030-00000": 0.90673828125, "00030-00001": 0.9248046875, "00030-00002": 0.9072265625, "00030-00003": 0.87548828125, "00030-00004": 0.91796875, "00031-00000": 0.92919921875, "00031-00001": 0.9375, "00031-00002": 0.9091796875, "00031-00003": 0.927734375, "00031-00004": 0.94091796875, "00032-00000": 0.95263671875, "00032-00001": 0.98583984375, "00032-00002": 0.9765625, "00032-00003": 0.970703125, "00032-00004": 0.9716796875, "00033-00000": 0.93017578125, "00033-00001": 0.927734375, "00033-00002": 0.9345703125, "00033-00003": 0.900390625, "00033-00004": 0.92724609375, "00034-00000": 0.927734375, "00034-00001": 0.97021484375, "00034-00002": 0.955078125, "00034-00003": 0.9404296875, "00034-00004": 0.97509765625, "00035-00000": 0.95556640625, "00035-00001": 0.96826171875, "00035-00002": 0.9755859375, "00035-00003": 0.97265625, "00035-00004": 0.9736328125, "00036-00000": 0.96435546875, "00036-00001": 0.98486328125, "00036-00002": 0.94140625, "00036-00003": 0.9677734375, "00036-00004": 0.96142578125, "00037-00000": 0.9892578125, "00037-00001": 0.9873046875, "00037-00002": 0.98828125, "00037-00003": 0.9853515625, "00037-00004": 0.9873046875, "00038-00000": 0.99072265625, "00038-00001": 0.98828125, "00038-00002": 0.990234375, "00038-00003": 0.9892578125, "00038-00004": 0.99169921875, "00039-00000": 0.8916015625, "00039-00001": 0.904296875, "00039-00002": 0.9091796875, "00039-00003": 0.916015625, "00039-00004": 0.91015625, "00040-00000": 0.96630859375, "00040-00001": 0.98193359375, "00040-00002": 0.97119140625, "00040-00003": 0.91845703125, "00040-00004": 0.9765625, "00041-00000": 0.9755859375, "00041-00001": 0.96875, "00041-00002": 0.95947265625, "00041-00003": 0.96435546875, "00041-00004": 0.96240234375, "00042-00000": 0.9541015625, "00042-00001": 0.98291015625, "00042-00002": 0.93017578125, "00042-00003": 0.9716796875, "00042-00004": 0.974609375, "00043-00000": 0.9501953125, "00043-00001": 0.986328125, "00043-00002": 0.9912109375, "00043-00003": 0.98583984375, "00043-00004": 0.98828125, "00044-00000": 0.966796875, "00044-00001": 0.9609375, "00044-00002": 0.96142578125, "00044-00003": 0.94873046875, "00044-00004": 0.96728515625, "00045-00000": 0.9736328125, "00045-00001": 0.984375, "00045-00002": 0.9755859375, "00045-00003": 0.95458984375, "00045-00004": 0.98583984375, "00046-00000": 0.92724609375, "00046-00001": 0.9228515625, "00046-00002": 0.92724609375, "00046-00003": 0.94970703125, "00046-00004": 0.93896484375, "00047-00000": 0.9794921875, "00047-00001": 0.9658203125, "00047-00002": 0.97509765625, "00047-00003": 0.98388671875, "00047-00004": 0.98876953125, "00048-00000": 0.96435546875, "00048-00001": 0.9482421875, "00048-00002": 0.96875, "00048-00003": 0.962890625, "00048-00004": 0.958984375, "00049-00000": 0.96240234375, "00049-00001": 0.97802734375, "00049-00002": 0.92919921875, "00049-00003": 0.947265625, "00049-00004": 0.96484375, "00050-00000": 0.92138671875, "00050-00001": 0.9287109375, "00050-00002": 0.94677734375, "00050-00003": 0.9287109375, "00050-00004": 0.947265625, "00051-00000": 0.96435546875, "00051-00001": 0.89990234375, "00051-00002": 0.97412109375, "00051-00003": 0.97119140625, "00051-00004": 0.92822265625, "00052-00000": 0.89453125, "00052-00001": 0.9248046875, "00052-00002": 0.9130859375, "00052-00003": 0.8779296875, "00052-00004": 0.9072265625, "00053-00000": 0.9404296875, "00053-00001": 0.96044921875, "00053-00002": 0.96630859375, "00053-00003": 0.94140625, "00053-00004": 0.93994140625, "00054-00000": 0.9716796875, "00054-00001": 0.9619140625, "00054-00002": 0.9384765625, "00054-00003": 0.9658203125, "00054-00004": 0.9482421875, "00055-00000": 0.97705078125,