{"00000-00000": 0.947265625, "00000-00001": 0.94873046875, "00000-00002": 0.94775390625, "00000-00003": 0.94873046875, "00000-00004": 0.947265625, "00001-00000": 0.9072265625, "00001-00001": 0.908203125, "00001-00002": 0.8916015625, "00001-00003": 0.9365234375, "00001-00004": 0.91162109375, "00002-00000": 0.8935546875, "00002-00001": 0.89208984375, "00002-00002": 0.90625, "00002-00003": 0.89501953125, "00002-00004": 0.89990234375, "00003-00000": 0.91845703125, "00003-00001": 0.919921875, "00003-00002": 0.91015625, "00003-00003": 0.8994140625, "00003-00004": 0.9111328125, "00004-00000": 0.84765625, "00004-00001": 0.8486328125, "00004-00002": 0.849609375, "00004-00003": 0.900390625, "00004-00004": 0.861328125, "00005-00000": 0.87841796875, "00005-00001": 0.79931640625, "00005-00002": 0.8583984375, "00005-00003": 0.84423828125, "00005-00004": 0.82080078125, "00006-00000": 0.93310546875, "00006-00001": 0.9169921875, "00006-00002": 0.92822265625, "00006-00003": 0.92822265625, "00006-00004": 0.91943359375, "00007-00000": 0.896484375, "00007-00001": 0.88330078125, "00007-00002": 0.8515625, "00007-00003": 0.88427734375, "00007-00004": 0.859375, "00008-00000": 0.94140625, "00008-00001": 0.919921875, "00008-00002": 0.93603515625, "00008-00003": 0.923828125, "00008-00004": 0.9306640625, "00009-00000": 0.876953125, "00009-00001": 0.92333984375, "00009-00002": 0.94189453125, "00009-00003": 0.92431640625, "00009-00004": 0.89599609375, "00010-00000": 0.8359375, "00010-00001": 0.84375, "00010-00002": 0.8740234375, "00010-00003": 0.86279296875, "00010-00004": 0.8740234375, "00011-00000": 0.9150390625, "00011-00001": 0.9208984375, "00011-00002": 0.9404296875, "00011-00003": 0.92822265625, "00011-00004": 0.92529296875, "00012-00000": 0.8115234375, "00012-00001": 0.80029296875, "00012-00002": 0.80078125, "00012-00003": 0.828125, "00012-00004": 0.8056640625, "00013-00000": 0.8447265625, "00013-00001": 0.79736328125, "00013-00002": 0.83935546875, "00013-00003": 0.8349609375, "00013-00004": 0.8232421875, "00014-00000": 0.8525390625, "00014-00001": 0.845703125, "00014-00002": 0.87646484375, "00014-00003": 0.8681640625, "00014-00004": 0.8408203125, "00015-00000": 0.912109375, "00015-00001": 0.93310546875, "00015-00002": 0.92041015625, "00015-00003": 0.9169921875, "00015-00004": 0.92529296875, "00016-00000": 0.9404296875, "00016-00001": 0.9345703125, "00016-00002": 0.9345703125, "00016-00003": 0.9296875, "00016-00004": 0.94775390625, "00017-00000": 0.87353515625, "00017-00001": 0.9130859375, "00017-00002": 0.9052734375, "00017-00003": 0.90576171875, "00017-00004": 0.92431640625, "00018-00000": 0.85302734375, "00018-00001": 0.85400390625, "00018-00002": 0.85791015625, "00018-00003": 0.8486328125, "00018-00004": 0.8447265625, "00019-00000": 0.8564453125, "00019-00001": 0.8798828125, "00019-00002": 0.87060546875, "00019-00003": 0.8427734375, "00019-00004": 0.83984375, "00020-00000": 0.8798828125, "00020-00001": 0.92724609375, "00020-00002": 0.904296875, "00020-00003": 0.908203125, "00020-00004": 0.8701171875, "00021-00000": 0.837890625, "00021-00001": 0.84130859375, "00021-00002": 0.8564453125, "00021-00003": 0.8369140625, "00021-00004": 0.83447265625, "00022-00000": 0.71533203125, "00022-00001": 0.71484375, "00022-00002": 0.7431640625, "00022-00003": 0.72998046875, "00022-00004": 0.72412109375, "00023-00000": 0.9111328125, "00023-00001": 0.93896484375, "00023-00002": 0.8984375, "00023-00003": 0.8408203125, "00023-00004": 0.92529296875, "00024-00000": 0.87353515625, "00024-00001": 0.89794921875, "00024-00002": 0.888671875, "00024-00003": 0.90283203125, "00024-00004": 0.8916015625, "00025-00000": 0.82373046875, "00025-00001": 0.86181640625, "00025-00002": 0.8720703125, "00025-00003": 0.88525390625, "00025-00004": 0.87841796875, "00026-00000": 0.85400390625, "00026-00001": 0.845703125, "00026-00002": 0.86376953125, "00026-00003": 0.8662109375, "00026-00004": 0.857421875, "00027-00000": 0.94091796875, "00027-00001": 0.93359375, "00027-00002": 0.92919921875, "00027-00003": 0.9384765625, "00027-00004": 0.923828125, "00028-00000": 0.89306640625, "00028-00001": 0.88330078125, "00028-00002": 0.87646484375, "00028-00003": 0.9111328125, "00028-00004": 0.88232421875, "00029-00000": 0.86962890625, "00029-00001": 0.8583984375, "00029-00002": 0.828125, "00029-00003": 0.8544921875, "00029-00004": 0.81982421875, "00030-00000": 0.58544921875, "00030-00001": 0.578125, "00030-00002": 0.5927734375, "00030-00003": 0.5888671875, "00030-00004": 0.5712890625, "00031-00000": 0.88525390625, "00031-00001": 0.876953125, "00031-00002": 0.890625, "00031-00003": 0.8916015625, "00031-00004": 0.88671875, "00032-00000": 0.89013671875, "00032-00001": 0.8935546875, "00032-00002": 0.8837890625, "00032-00003": 0.91259765625, "00032-00004": 0.89599609375, "00033-00000": 0.8486328125, "00033-00001": 0.85693359375, "00033-00002": 0.85400390625, "00033-00003": 0.88134765625, "00033-00004": 0.85595703125, "00034-00000": 0.77490234375, "00034-00001": 0.8232421875, "00034-00002": 0.80224609375, "00034-00003": 0.7900390625, "00034-00004": 0.8369140625, "00035-00000": 0.908203125, "00035-00001": 0.8955078125, "00035-00002": 0.88916015625, "00035-00003": 0.845703125, "00035-00004": 0.916015625, "00036-00000": 0.828125, "00036-00001": 0.8671875, "00036-00002": 0.8583984375, "00036-00003": 0.86474609375, "00036-00004": 0.830078125, "00037-00000": 0.8984375, "00037-00001": 0.8935546875, "00037-00002": 0.9208984375, "00037-00003": 0.87158203125, "00037-00004": 0.89453125, "00038-00000": 0.81103515625, "00038-00001": 0.7939453125, "00038-00002": 0.80517578125, "00038-00003": 0.787109375, "00038-00004": 0.81640625, "00039-00000": 0.84130859375, "00039-00001": 0.8505859375, "00039-00002": 0.80859375, "00039-00003": 0.8525390625, "00039-00004": 0.8623046875, "00040-00000": 0.8486328125, "00040-00001": 0.892578125, "00040-00002": 0.8828125, "00040-00003": 0.8251953125, "00040-00004": 0.8828125, "00041-00000": 0.7939453125, "00041-00001": 0.85205078125, "00041-00002": 0.83447265625, "00041-00003": 0.8037109375, "00041-00004": 0.83837890625, "00042-00000": 0.9140625, "00042-00001": 0.916015625, "00042-00002": 0.90380859375, "00042-00003": 0.90869140625, "00042-00004": 0.88916015625, "00043-00000": 0.95361328125, "00043-00001": 0.94677734375, "00043-00002": 0.958984375, "00043-00003": 0.94775390625, "00043-00004": 0.95263671875, "00044-00000": 0.85205078125, "00044-00001": 0.83740234375, "00044-00002": 0.82373046875, "00044-00003": 0.833984375, "00044-00004": 0.8515625, "00045-00000": 0.90478515625, "00045-00001": 0.916015625, "00045-00002": 0.92626953125, "00045-00003": 0.904296875, "00045-00004": 0.9130859375, "00046-00000": 0.91650390625, "00046-00001": 0.88623046875, "00046-00002": 0.8896484375, "00046-00003": 0.87890625, "00046-00004": 0.89990234375, "00047-00000": 0.96826171875, "00047-00001": 0.970703125, "00047-00002": 0.9736328125, "00047-00003": 0.97216796875, "00047-00004": 0.96826171875, "00048-00000": 0.7822265625, "00048-00001": 0.78173828125, "00048-00002": 0.7626953125, "00048-00003": 0.7841796875, "00048-00004": 0.779296875, "00049-00000": 0.91259765625, "00049-00001": 0.9033203125, "00049-00002": 0.89208984375, "00049-00003": 0.904296875, "00049-00004": 0.9169921875, "00050-00000": 0.81982421875, "00050-00001": 0.814453125, "00050-00002": 0.7998046875, "00050-00003": 0.806640625, "00050-00004": 0.802734375, "00051-00000": 0.8232421875, "00051-00001": 0.94677734375, "00051-00002": 0.91455078125, "00051-00003": 0.87646484375, "00051-00004": 0.88525390625, "00052-00000": 0.84033203125, "00052-00001": 0.88330078125, "00052-00002": 0.8740234375, "00052-00003": 0.89013671875, "00052-00004": 0.912109375, "00053-00000": 0.9169921875, "00053-00001": 0.88232421875, "00053-00002": 0.9267578125, "00053-00003": 0.9443359375, "00053-00004": 0.93212890625, "00054-00000": 0.880859375, "00054-00001": 0.904296875, "00054-00002": 0.908203125, "00054-00003": 0.908203125, "00054-00004": 0.9013671875, "00055-00000": 0.88720703125,