{"00000-00000": 0.958984375, "00000-00001": 0.95751953125, "00000-00002": 0.95361328125, "00000-00003": 0.95703125, "00000-00004": 0.95947265625, "00001-00000": 0.96923828125, "00001-00001": 0.970703125, "00001-00002": 0.9697265625, "00001-00003": 0.96630859375, "00001-00004": 0.9716796875, "00002-00000": 0.9521484375, "00002-00001": 0.95849609375, "00002-00002": 0.955078125, "00002-00003": 0.9443359375, "00002-00004": 0.95166015625, "00003-00000": 0.79345703125, "00003-00001": 0.77685546875, "00003-00002": 0.8515625, "00003-00003": 0.79638671875, "00003-00004": 0.75537109375, "00004-00000": 0.8515625, "00004-00001": 0.8583984375, "00004-00002": 0.84375, "00004-00003": 0.83935546875, "00004-00004": 0.8173828125, "00005-00000": 0.89892578125, "00005-00001": 0.91845703125, "00005-00002": 0.91845703125, "00005-00003": 0.87890625, "00005-00004": 0.92431640625, "00006-00000": 0.81298828125, "00006-00001": 0.80419921875, "00006-00002": 0.828125, "00006-00003": 0.84033203125, "00006-00004": 0.8076171875, "00007-00000": 0.826171875, "00007-00001": 0.923828125, "00007-00002": 0.9443359375, "00007-00003": 0.89794921875, "00007-00004": 0.92236328125, "00008-00000": 0.95751953125, "00008-00001": 0.96826171875, "00008-00002": 0.9423828125, "00008-00003": 0.94921875, "00008-00004": 0.92724609375, "00009-00000": 0.93359375, "00009-00001": 0.93212890625, "00009-00002": 0.90966796875, "00009-00003": 0.93212890625, "00009-00004": 0.9091796875, "00010-00000": 0.90966796875, "00010-00001": 0.908203125, "00010-00002": 0.7802734375, "00010-00003": 0.908203125, "00010-00004": 0.91796875, "00011-00000": 0.95849609375, "00011-00001": 0.9013671875, "00011-00002": 0.947265625, "00011-00003": 0.89794921875, "00011-00004": 0.9423828125, "00012-00000": 0.9033203125, "00012-00001": 0.9150390625, "00012-00002": 0.81591796875, "00012-00003": 0.92138671875, "00012-00004": 0.83740234375, "00013-00000": 0.72900390625, "00013-00001": 0.78125, "00013-00002": 0.7978515625, "00013-00003": 0.7919921875, "00013-00004": 0.72900390625, "00014-00000": 0.89404296875, "00014-00001": 0.89501953125, "00014-00002": 0.86376953125, "00014-00003": 0.8408203125, "00014-00004": 0.9091796875, "00015-00000": 0.9619140625, "00015-00001": 0.9638671875, "00015-00002": 0.9677734375, "00015-00003": 0.96142578125, "00015-00004": 0.9365234375, "00016-00000": 0.8095703125, "00016-00001": 0.88525390625, "00016-00002": 0.82666015625, "00016-00003": 0.798828125, "00016-00004": 0.9140625, "00017-00000": 0.75634765625, "00017-00001": 0.83544921875, "00017-00002": 0.82177734375, "00017-00003": 0.87109375, "00017-00004": 0.8466796875, "00018-00000": 0.857421875, "00018-00001": 0.87158203125, "00018-00002": 0.87744140625, "00018-00003": 0.8671875, "00018-00004": 0.8486328125, "00019-00000": 0.7470703125, "00019-00001": 0.8037109375, "00019-00002": 0.68212890625, "00019-00003": 0.751953125, "00019-00004": 0.626953125, "00020-00000": 0.896484375, "00020-00001": 0.86279296875, "00020-00002": 0.8876953125, "00020-00003": 0.85888671875, "00020-00004": 0.88671875, "00021-00000": 0.873046875, "00021-00001": 0.87841796875, "00021-00002": 0.80029296875, "00021-00003": 0.7353515625, "00021-00004": 0.818359375, "00022-00000": 0.8818359375, "00022-00001": 0.8642578125, "00022-00002": 0.86376953125, "00022-00003": 0.78857421875, "00022-00004": 0.83642578125, "00023-00000": 0.86328125, "00023-00001": 0.95654296875, "00023-00002": 0.94384765625, "00023-00003": 0.93505859375, "00023-00004": 0.9248046875, "00024-00000": 0.86767578125, "00024-00001": 0.89208984375, "00024-00002": 0.9140625, "00024-00003": 0.84326171875, "00024-00004": 0.70166015625, "00025-00000": 0.8701171875, "00025-00001": 0.85986328125, "00025-00002": 0.80712890625, "00025-00003": 0.8623046875, "00025-00004": 0.82080078125, "00026-00000": 0.82666015625, "00026-00001": 0.85107421875, "00026-00002": 0.833984375, "00026-00003": 0.818359375, "00026-00004": 0.78369140625, "00027-00000": 0.92333984375, "00027-00001": 0.896484375, "00027-00002": 0.91796875, "00027-00003": 0.92724609375, "00027-00004": 0.86376953125, "00028-00000": 0.7939453125, "00028-00001": 0.81884765625, "00028-00002": 0.80419921875, "00028-00003": 0.890625, "00028-00004": 0.890625, "00029-00000": 0.94482421875, "00029-00001": 0.93115234375, "00029-00002": 0.9208984375, "00029-00003": 0.93994140625, "00029-00004": 0.91455078125, "00030-00000": 0.6552734375, "00030-00001": 0.611328125, "00030-00002": 0.6005859375, "00030-00003": 0.626953125, "00030-00004": 0.572265625, "00031-00000": 0.86572265625, "00031-00001": 0.861328125, "00031-00002": 0.78369140625, "00031-00003": 0.8662109375, "00031-00004": 0.89013671875, "00032-00000": 0.92626953125, "00032-00001": 0.9423828125, "00032-00002": 0.9404296875, "00032-00003": 0.93310546875, "00032-00004": 0.939453125, "00033-00000": 0.8134765625, "00033-00001": 0.8349609375, "00033-00002": 0.83984375, "00033-00003": 0.81640625, "00033-00004": 0.79345703125, "00034-00000": 0.8564453125, "00034-00001": 0.89501953125, "00034-00002": 0.89501953125, "00034-00003": 0.845703125, "00034-00004": 0.9033203125, "00035-00000": 0.8740234375, "00035-00001": 0.904296875, "00035-00002": 0.90625, "00035-00003": 0.8974609375, "00035-00004": 0.9150390625, "00036-00000": 0.865234375, "00036-00001": 0.876953125, "00036-00002": 0.8525390625, "00036-00003": 0.85205078125, "00036-00004": 0.8779296875, "00037-00000": 0.9140625, "00037-00001": 0.91845703125, "00037-00002": 0.90966796875, "00037-00003": 0.91064453125, "00037-00004": 0.904296875, "00038-00000": 0.861328125, "00038-00001": 0.8759765625, "00038-00002": 0.8564453125, "00038-00003": 0.89501953125, "00038-00004": 0.865234375, "00039-00000": 0.68701171875, "00039-00001": 0.6767578125, "00039-00002": 0.68359375, "00039-00003": 0.73388671875, "00039-00004": 0.75146484375, "00040-00000": 0.89208984375, "00040-00001": 0.91845703125, "00040-00002": 0.880859375, "00040-00003": 0.81396484375, "00040-00004": 0.908203125, "00041-00000": 0.89794921875, "00041-00001": 0.88818359375, "00041-00002": 0.869140625, "00041-00003": 0.8603515625, "00041-00004": 0.85400390625, "00042-00000": 0.82421875, "00042-00001": 0.89794921875, "00042-00002": 0.7607421875, "00042-00003": 0.87060546875, "00042-00004": 0.86767578125, "00043-00000": 0.92138671875, "00043-00001": 0.95751953125, "00043-00002": 0.9677734375, "00043-00003": 0.95556640625, "00043-00004": 0.96484375, "00044-00000": 0.9091796875, "00044-00001": 0.900390625, "00044-00002": 0.90869140625, "00044-00003": 0.888671875, "00044-00004": 0.8876953125, "00045-00000": 0.93994140625, "00045-00001": 0.96337890625, "00045-00002": 0.94921875, "00045-00003": 0.91259765625, "00045-00004": 0.951171875, "00046-00000": 0.86865234375, "00046-00001": 0.8544921875, "00046-00002": 0.841796875, "00046-00003": 0.8955078125, "00046-00004": 0.890625, "00047-00000": 0.98095703125, "00047-00001": 0.9619140625, "00047-00002": 0.9697265625, "00047-00003": 0.98095703125, "00047-00004": 0.97998046875, "00048-00000": 0.87353515625, "00048-00001": 0.83837890625, "00048-00002": 0.86962890625, "00048-00003": 0.8583984375, "00048-00004": 0.8681640625, "00049-00000": 0.87939453125, "00049-00001": 0.9169921875, "00049-00002": 0.8173828125, "00049-00003": 0.7998046875, "00049-00004": 0.9140625, "00050-00000": 0.82666015625, "00050-00001": 0.82470703125, "00050-00002": 0.8388671875, "00050-00003": 0.8369140625, "00050-00004": 0.82080078125, "00051-00000": 0.904296875, "00051-00001": 0.87646484375, "00051-00002": 0.92138671875, "00051-00003": 0.9111328125, "00051-00004": 0.8779296875, "00052-00000": 0.708984375, "00052-00001": 0.78564453125, "00052-00002": 0.734375, "00052-00003": 0.72802734375, "00052-00004": 0.68896484375, "00053-00000": 0.841796875, "00053-00001": 0.90234375, "00053-00002": 0.9052734375, "00053-00003": 0.849609375, "00053-00004": 0.87255859375, "00054-00000": 0.90185546875, "00054-00001": 0.87060546875, "00054-00002": 0.84765625, "00054-00003": 0.896484375, "00054-00004": 0.86669921875, "00055-00000": 0.94921875,