{"00000-00000": 0.307861328125, "00000-00001": 0.319091796875, "00000-00002": 0.319091796875, "00000-00003": 0.313232421875, "00000-00004": 0.293701171875, "00001-00000": 0.21875, "00001-00001": 0.22314453125, "00001-00002": 0.2158203125, "00001-00003": 0.2269287109375, "00001-00004": 0.2244873046875, "00002-00000": 0.2159423828125, "00002-00001": 0.214111328125, "00002-00002": 0.2164306640625, "00002-00003": 0.21533203125, "00002-00004": 0.220458984375, "00003-00000": 0.2012939453125, "00003-00001": 0.2000732421875, "00003-00002": 0.1954345703125, "00003-00003": 0.2169189453125, "00003-00004": 0.2099609375, "00004-00000": 0.25244140625, "00004-00001": 0.25048828125, "00004-00002": 0.274658203125, "00004-00003": 0.271240234375, "00004-00004": 0.277099609375, "00005-00000": 0.287109375, "00005-00001": 0.255615234375, "00005-00002": 0.280517578125, "00005-00003": 0.26953125, "00005-00004": 0.26025390625, "00006-00000": 0.2235107421875, "00006-00001": 0.225830078125, "00006-00002": 0.229736328125, "00006-00003": 0.21435546875, "00006-00004": 0.225341796875, "00007-00000": 0.2139892578125, "00007-00001": 0.20361328125, "00007-00002": 0.214599609375, "00007-00003": 0.21484375, "00007-00004": 0.1885986328125, "00008-00000": 0.2255859375, "00008-00001": 0.220947265625, "00008-00002": 0.22314453125, "00008-00003": 0.2227783203125, "00008-00004": 0.226318359375, "00009-00000": 0.2578125, "00009-00001": 0.278564453125, "00009-00002": 0.27978515625, "00009-00003": 0.275390625, "00009-00004": 0.25244140625, "00010-00000": 0.270263671875, "00010-00001": 0.260986328125, "00010-00002": 0.27197265625, "00010-00003": 0.273193359375, "00010-00004": 0.279296875, "00011-00000": 0.251220703125, "00011-00001": 0.240234375, "00011-00002": 0.24755859375, "00011-00003": 0.25830078125, "00011-00004": 0.24755859375, "00012-00000": 0.264892578125, "00012-00001": 0.2685546875, "00012-00002": 0.26171875, "00012-00003": 0.2861328125, "00012-00004": 0.256103515625, "00013-00000": 0.2080078125, "00013-00001": 0.223388671875, "00013-00002": 0.1954345703125, "00013-00003": 0.200439453125, "00013-00004": 0.2119140625, "00014-00000": 0.2509765625, "00014-00001": 0.253173828125, "00014-00002": 0.257568359375, "00014-00003": 0.255615234375, "00014-00004": 0.253662109375, "00015-00000": 0.25732421875, "00015-00001": 0.25048828125, "00015-00002": 0.2587890625, "00015-00003": 0.264404296875, "00015-00004": 0.2498779296875, "00016-00000": 0.3212890625, "00016-00001": 0.33251953125, "00016-00002": 0.32958984375, "00016-00003": 0.325439453125, "00016-00004": 0.3232421875, "00017-00000": 0.3173828125, "00017-00001": 0.333984375, "00017-00002": 0.333740234375, "00017-00003": 0.33447265625, "00017-00004": 0.330322265625, "00018-00000": 0.238037109375, "00018-00001": 0.252685546875, "00018-00002": 0.239013671875, "00018-00003": 0.2335205078125, "00018-00004": 0.24755859375, "00019-00000": 0.229248046875, "00019-00001": 0.2017822265625, "00019-00002": 0.23388671875, "00019-00003": 0.2034912109375, "00019-00004": 0.2236328125, "00020-00000": 0.29296875, "00020-00001": 0.314697265625, "00020-00002": 0.30712890625, "00020-00003": 0.2978515625, "00020-00004": 0.29736328125, "00021-00000": 0.251953125, "00021-00001": 0.253173828125, "00021-00002": 0.254638671875, "00021-00003": 0.25048828125, "00021-00004": 0.268798828125, "00022-00000": 0.2266845703125, "00022-00001": 0.2412109375, "00022-00002": 0.2247314453125, "00022-00003": 0.241455078125, "00022-00004": 0.22705078125, "00023-00000": 0.212158203125, "00023-00001": 0.2061767578125, "00023-00002": 0.216552734375, "00023-00003": 0.2076416015625, "00023-00004": 0.2001953125, "00024-00000": 0.1710205078125, "00024-00001": 0.183349609375, "00024-00002": 0.1702880859375, "00024-00003": 0.1800537109375, "00024-00004": 0.18798828125, "00025-00000": 0.2509765625, "00025-00001": 0.26806640625, "00025-00002": 0.2685546875, "00025-00003": 0.24658203125, "00025-00004": 0.2509765625, "00026-00000": 0.265380859375, "00026-00001": 0.2646484375, "00026-00002": 0.275390625, "00026-00003": 0.273193359375, "00026-00004": 0.265380859375, "00027-00000": 0.28466796875, "00027-00001": 0.2763671875, "00027-00002": 0.289306640625, "00027-00003": 0.29248046875, "00027-00004": 0.306396484375, "00028-00000": 0.29931640625, "00028-00001": 0.317626953125, "00028-00002": 0.3037109375, "00028-00003": 0.305908203125, "00028-00004": 0.32275390625, "00029-00000": 0.2288818359375, "00029-00001": 0.240478515625, "00029-00002": 0.208984375, "00029-00003": 0.2421875, "00029-00004": 0.2283935546875, "00030-00000": 0.1043701171875, "00030-00001": 0.116455078125, "00030-00002": 0.11395263671875, "00030-00003": 0.111572265625, "00030-00004": 0.094970703125, "00031-00000": 0.2890625, "00031-00001": 0.281494140625, "00031-00002": 0.284912109375, "00031-00003": 0.294677734375, "00031-00004": 0.2763671875, "00032-00000": 0.25927734375, "00032-00001": 0.236572265625, "00032-00002": 0.2392578125, "00032-00003": 0.2431640625, "00032-00004": 0.250244140625, "00033-00000": 0.233642578125, "00033-00001": 0.236083984375, "00033-00002": 0.23974609375, "00033-00003": 0.27734375, "00033-00004": 0.2301025390625, "00034-00000": 0.28271484375, "00034-00001": 0.29443359375, "00034-00002": 0.280517578125, "00034-00003": 0.27978515625, "00034-00004": 0.2900390625, "00035-00000": 0.275390625, "00035-00001": 0.230224609375, "00035-00002": 0.26611328125, "00035-00003": 0.25, "00035-00004": 0.279541015625, "00036-00000": 0.2459716796875, "00036-00001": 0.247314453125, "00036-00002": 0.24365234375, "00036-00003": 0.2445068359375, "00036-00004": 0.244873046875, "00037-00000": 0.271484375, "00037-00001": 0.26025390625, "00037-00002": 0.25537109375, "00037-00003": 0.269287109375, "00037-00004": 0.259033203125, "00038-00000": 0.223388671875, "00038-00001": 0.217041015625, "00038-00002": 0.214599609375, "00038-00003": 0.221923828125, "00038-00004": 0.215087890625, "00039-00000": 0.19189453125, "00039-00001": 0.2027587890625, "00039-00002": 0.2037353515625, "00039-00003": 0.1932373046875, "00039-00004": 0.1893310546875, "00040-00000": 0.2060546875, "00040-00001": 0.190673828125, "00040-00002": 0.200927734375, "00040-00003": 0.23046875, "00040-00004": 0.1968994140625, "00041-00000": 0.1959228515625, "00041-00001": 0.240234375, "00041-00002": 0.2225341796875, "00041-00003": 0.2142333984375, "00041-00004": 0.217529296875, "00042-00000": 0.259033203125, "00042-00001": 0.264892578125, "00042-00002": 0.263916015625, "00042-00003": 0.255126953125, "00042-00004": 0.2666015625, "00043-00000": 0.195068359375, "00043-00001": 0.212890625, "00043-00002": 0.1912841796875, "00043-00003": 0.210693359375, "00043-00004": 0.185302734375, "00044-00000": 0.2391357421875, "00044-00001": 0.2281494140625, "00044-00002": 0.224853515625, "00044-00003": 0.232666015625, "00044-00004": 0.227294921875, "00045-00000": 0.26806640625, "00045-00001": 0.265625, "00045-00002": 0.26416015625, "00045-00003": 0.2646484375, "00045-00004": 0.262939453125, "00046-00000": 0.2529296875, "00046-00001": 0.243408203125, "00046-00002": 0.2427978515625, "00046-00003": 0.2469482421875, "00046-00004": 0.2470703125, "00047-00000": 0.255859375, "00047-00001": 0.256103515625, "00047-00002": 0.25732421875, "00047-00003": 0.257080078125, "00047-00004": 0.255859375, "00048-00000": 0.283935546875, "00048-00001": 0.290283203125, "00048-00002": 0.278564453125, "00048-00003": 0.27978515625, "00048-00004": 0.271240234375, "00049-00000": 0.2421875, "00049-00001": 0.25244140625, "00049-00002": 0.2408447265625, "00049-00003": 0.2430419921875, "00049-00004": 0.23974609375, "00050-00000": 0.29345703125, "00050-00001": 0.294189453125, "00050-00002": 0.281982421875, "00050-00003": 0.28955078125, "00050-00004": 0.28173828125, "00051-00000": 0.2371826171875, "00051-00001": 0.26416015625, "00051-00002": 0.25537109375, "00051-00003": 0.255859375, "00051-00004": 0.253173828125, "00052-00000": 0.270263671875, "00052-00001": 0.302490234375, "00052-00002": 0.311767578125,