{"00000-00000": 0.2841796875, "00000-00001": 0.28173828125, "00000-00002": 0.27392578125, "00000-00003": 0.3095703125, "00000-00004": 0.26953125, "00001-00000": 0.263427734375, "00001-00001": 0.23681640625, "00001-00002": 0.2469482421875, "00001-00003": 0.251953125, "00001-00004": 0.255859375, "00002-00000": 0.2607421875, "00002-00001": 0.260009765625, "00002-00002": 0.2462158203125, "00002-00003": 0.256103515625, "00002-00004": 0.260009765625, "00003-00000": 0.2802734375, "00003-00001": 0.281982421875, "00003-00002": 0.277587890625, "00003-00003": 0.275390625, "00003-00004": 0.273681640625, "00004-00000": 0.296142578125, "00004-00001": 0.281982421875, "00004-00002": 0.3154296875, "00004-00003": 0.310791015625, "00004-00004": 0.30078125, "00005-00000": 0.3076171875, "00005-00001": 0.3212890625, "00005-00002": 0.30810546875, "00005-00003": 0.32177734375, "00005-00004": 0.313720703125, "00006-00000": 0.26513671875, "00006-00001": 0.261962890625, "00006-00002": 0.257080078125, "00006-00003": 0.26171875, "00006-00004": 0.25830078125, "00007-00000": 0.2435302734375, "00007-00001": 0.2646484375, "00007-00002": 0.25634765625, "00007-00003": 0.2490234375, "00007-00004": 0.269775390625, "00008-00000": 0.246826171875, "00008-00001": 0.226318359375, "00008-00002": 0.216552734375, "00008-00003": 0.2283935546875, "00008-00004": 0.246826171875, "00009-00000": 0.255615234375, "00009-00001": 0.2352294921875, "00009-00002": 0.2388916015625, "00009-00003": 0.249755859375, "00009-00004": 0.26318359375, "00010-00000": 0.267333984375, "00010-00001": 0.259765625, "00010-00002": 0.277099609375, "00010-00003": 0.313720703125, "00010-00004": 0.279296875, "00011-00000": 0.336181640625, "00011-00001": 0.32666015625, "00011-00002": 0.3232421875, "00011-00003": 0.3349609375, "00011-00004": 0.3095703125, "00012-00000": 0.28076171875, "00012-00001": 0.28662109375, "00012-00002": 0.280517578125, "00012-00003": 0.298828125, "00012-00004": 0.298583984375, "00013-00000": 0.307861328125, "00013-00001": 0.32470703125, "00013-00002": 0.292724609375, "00013-00003": 0.279541015625, "00013-00004": 0.3125, "00014-00000": 0.29443359375, "00014-00001": 0.28173828125, "00014-00002": 0.303955078125, "00014-00003": 0.2900390625, "00014-00004": 0.2841796875, "00015-00000": 0.28369140625, "00015-00001": 0.276611328125, "00015-00002": 0.31005859375, "00015-00003": 0.29443359375, "00015-00004": 0.28564453125, "00016-00000": 0.24853515625, "00016-00001": 0.27294921875, "00016-00002": 0.280029296875, "00016-00003": 0.253662109375, "00016-00004": 0.2384033203125, "00017-00000": 0.25732421875, "00017-00001": 0.2900390625, "00017-00002": 0.28955078125, "00017-00003": 0.28076171875, "00017-00004": 0.28125, "00018-00000": 0.315185546875, "00018-00001": 0.28564453125, "00018-00002": 0.24853515625, "00018-00003": 0.28515625, "00018-00004": 0.29052734375, "00019-00000": 0.26171875, "00019-00001": 0.2548828125, "00019-00002": 0.318359375, "00019-00003": 0.27880859375, "00019-00004": 0.2822265625, "00020-00000": 0.306640625, "00020-00001": 0.29345703125, "00020-00002": 0.2685546875, "00020-00003": 0.2841796875, "00020-00004": 0.267822265625, "00021-00000": 0.335693359375, "00021-00001": 0.3388671875, "00021-00002": 0.298583984375, "00021-00003": 0.273193359375, "00021-00004": 0.302734375, "00022-00000": 0.25927734375, "00022-00001": 0.18115234375, "00022-00002": 0.2222900390625, "00022-00003": 0.23046875, "00022-00004": 0.1995849609375, "00023-00000": 0.2379150390625, "00023-00001": 0.256103515625, "00023-00002": 0.24169921875, "00023-00003": 0.254150390625, "00023-00004": 0.23876953125, "00024-00000": 0.1881103515625, "00024-00001": 0.1898193359375, "00024-00002": 0.1978759765625, "00024-00003": 0.1959228515625, "00024-00004": 0.2017822265625, "00025-00000": 0.269775390625, "00025-00001": 0.282470703125, "00025-00002": 0.26904296875, "00025-00003": 0.2958984375, "00025-00004": 0.290283203125, "00026-00000": 0.2447509765625, "00026-00001": 0.2415771484375, "00026-00002": 0.287841796875, "00026-00003": 0.269287109375, "00026-00004": 0.24169921875, "00027-00000": 0.22021484375, "00027-00001": 0.248046875, "00027-00002": 0.2425537109375, "00027-00003": 0.272705078125, "00027-00004": 0.24462890625, "00028-00000": 0.27734375, "00028-00001": 0.28955078125, "00028-00002": 0.27783203125, "00028-00003": 0.2763671875, "00028-00004": 0.259765625, "00029-00000": 0.257080078125, "00029-00001": 0.2430419921875, "00029-00002": 0.2421875, "00029-00003": 0.263916015625, "00029-00004": 0.240478515625, "00030-00000": 0.264892578125, "00030-00001": 0.24365234375, "00030-00002": 0.2626953125, "00030-00003": 0.24609375, "00030-00004": 0.229736328125, "00031-00000": 0.27734375, "00031-00001": 0.2822265625, "00031-00002": 0.31298828125, "00031-00003": 0.2349853515625, "00031-00004": 0.324951171875, "00032-00000": 0.173095703125, "00032-00001": 0.2188720703125, "00032-00002": 0.17333984375, "00032-00003": 0.22509765625, "00032-00004": 0.22119140625, "00033-00000": 0.25732421875, "00033-00001": 0.229736328125, "00033-00002": 0.2607421875, "00033-00003": 0.255859375, "00033-00004": 0.271728515625, "00034-00000": 0.290283203125, "00034-00001": 0.291259765625, "00034-00002": 0.277099609375, "00034-00003": 0.283447265625, "00034-00004": 0.3056640625, "00035-00000": 0.265380859375, "00035-00001": 0.27587890625, "00035-00002": 0.2890625, "00035-00003": 0.277587890625, "00035-00004": 0.236328125, "00036-00000": 0.26513671875, "00036-00001": 0.260986328125, "00036-00002": 0.282470703125, "00036-00003": 0.26611328125, "00036-00004": 0.279052734375, "00037-00000": 0.28564453125, "00037-00001": 0.2420654296875, "00037-00002": 0.270751953125, "00037-00003": 0.264892578125, "00037-00004": 0.1895751953125, "00038-00000": 0.279052734375, "00038-00001": 0.251708984375, "00038-00002": 0.273681640625, "00038-00003": 0.279296875, "00038-00004": 0.283447265625, "00039-00000": 0.25341796875, "00039-00001": 0.26611328125, "00039-00002": 0.25830078125, "00039-00003": 0.2279052734375, "00039-00004": 0.2587890625, "00040-00000": 0.3037109375, "00040-00001": 0.272705078125, "00040-00002": 0.29443359375, "00040-00003": 0.282470703125, "00040-00004": 0.291259765625, "00041-00000": 0.2296142578125, "00041-00001": 0.28271484375, "00041-00002": 0.2724609375, "00041-00003": 0.265869140625, "00041-00004": 0.259765625, "00042-00000": 0.2607421875, "00042-00001": 0.26025390625, "00042-00002": 0.2489013671875, "00042-00003": 0.259521484375, "00042-00004": 0.259521484375, "00043-00000": 0.2724609375, "00043-00001": 0.228271484375, "00043-00002": 0.260986328125, "00043-00003": 0.26953125, "00043-00004": 0.22802734375, "00044-00000": 0.279541015625, "00044-00001": 0.318115234375, "00044-00002": 0.3095703125, "00044-00003": 0.324462890625, "00044-00004": 0.33203125, "00045-00000": 0.279541015625, "00045-00001": 0.2783203125, "00045-00002": 0.298828125, "00045-00003": 0.27880859375, "00045-00004": 0.276123046875, "00046-00000": 0.27294921875, "00046-00001": 0.263916015625, "00046-00002": 0.2646484375, "00046-00003": 0.2474365234375, "00046-00004": 0.259521484375, "00047-00000": 0.24169921875, "00047-00001": 0.257080078125, "00047-00002": 0.257568359375, "00047-00003": 0.250732421875, "00047-00004": 0.251953125, "00048-00000": 0.247314453125, "00048-00001": 0.298828125, "00048-00002": 0.2337646484375, "00048-00003": 0.27978515625, "00048-00004": 0.29345703125, "00049-00000": 0.29833984375, "00049-00001": 0.29296875, "00049-00002": 0.27978515625, "00049-00003": 0.2744140625, "00049-00004": 0.266845703125, "00050-00000": 0.303466796875, "00050-00001": 0.307861328125, "00050-00002": 0.28125, "00050-00003": 0.302734375, "00050-00004": 0.314697265625, "00051-00000": 0.2052001953125, "00051-00001": 0.234375, "00051-00002": 0.2135009765625, "00051-00003": 0.2374267578125, "00051-00004": 0.2398681640625, "00052-00000": 0.35888671875, "00052-00001": 0.3837890625, "00052-00002": 0.335693359375, "00052-00003": 0.341796875, "00052-00004": 0.332763671875, "00053-00000": 0.250244140625,