{"00000-00000": 0.29248046875, "00000-00001": 0.306640625, "00000-00002": 0.306640625, "00000-00003": 0.322265625, "00000-00004": 0.3193359375, "00001-00000": 0.2164306640625, "00001-00001": 0.23193359375, "00001-00002": 0.23974609375, "00001-00003": 0.22607421875, "00001-00004": 0.25048828125, "00002-00000": 0.2413330078125, "00002-00001": 0.253173828125, "00002-00002": 0.256591796875, "00002-00003": 0.244140625, "00002-00004": 0.264404296875, "00003-00000": 0.259521484375, "00003-00001": 0.290283203125, "00003-00002": 0.287109375, "00003-00003": 0.289794921875, "00003-00004": 0.237548828125, "00004-00000": 0.285888671875, "00004-00001": 0.2181396484375, "00004-00002": 0.275146484375, "00004-00003": 0.34326171875, "00004-00004": 0.29296875, "00005-00000": 0.271728515625, "00005-00001": 0.30078125, "00005-00002": 0.320556640625, "00005-00003": 0.28955078125, "00005-00004": 0.296142578125, "00006-00000": 0.258056640625, "00006-00001": 0.256591796875, "00006-00002": 0.2841796875, "00006-00003": 0.259765625, "00006-00004": 0.283447265625, "00007-00000": 0.26708984375, "00007-00001": 0.271240234375, "00007-00002": 0.2467041015625, "00007-00003": 0.29052734375, "00007-00004": 0.298583984375, "00008-00000": 0.253173828125, "00008-00001": 0.255615234375, "00008-00002": 0.2449951171875, "00008-00003": 0.27197265625, "00008-00004": 0.2626953125, "00009-00000": 0.273193359375, "00009-00001": 0.275634765625, "00009-00002": 0.254638671875, "00009-00003": 0.29443359375, "00009-00004": 0.267333984375, "00010-00000": 0.29443359375, "00010-00001": 0.2412109375, "00010-00002": 0.26806640625, "00010-00003": 0.2626953125, "00010-00004": 0.2413330078125, "00011-00000": 0.3388671875, "00011-00001": 0.303466796875, "00011-00002": 0.336669921875, "00011-00003": 0.304443359375, "00011-00004": 0.30078125, "00012-00000": 0.2451171875, "00012-00001": 0.2705078125, "00012-00002": 0.28759765625, "00012-00003": 0.275634765625, "00012-00004": 0.274169921875, "00013-00000": 0.291259765625, "00013-00001": 0.22509765625, "00013-00002": 0.23583984375, "00013-00003": 0.257568359375, "00013-00004": 0.31640625, "00014-00000": 0.302734375, "00014-00001": 0.30712890625, "00014-00002": 0.2861328125, "00014-00003": 0.2783203125, "00014-00004": 0.290771484375, "00015-00000": 0.305908203125, "00015-00001": 0.322998046875, "00015-00002": 0.325927734375, "00015-00003": 0.31396484375, "00015-00004": 0.335205078125, "00016-00000": 0.275146484375, "00016-00001": 0.35595703125, "00016-00002": 0.294189453125, "00016-00003": 0.289306640625, "00016-00004": 0.343017578125, "00017-00000": 0.29736328125, "00017-00001": 0.296142578125, "00017-00002": 0.28662109375, "00017-00003": 0.30078125, "00017-00004": 0.3095703125, "00018-00000": 0.2498779296875, "00018-00001": 0.186767578125, "00018-00002": 0.2587890625, "00018-00003": 0.2060546875, "00018-00004": 0.29541015625, "00019-00000": 0.298095703125, "00019-00001": 0.2464599609375, "00019-00002": 0.209228515625, "00019-00003": 0.262939453125, "00019-00004": 0.2265625, "00020-00000": 0.326904296875, "00020-00001": 0.32470703125, "00020-00002": 0.277099609375, "00020-00003": 0.34521484375, "00020-00004": 0.322021484375, "00021-00000": 0.312255859375, "00021-00001": 0.2998046875, "00021-00002": 0.287353515625, "00021-00003": 0.221435546875, "00021-00004": 0.297119140625, "00022-00000": 0.1832275390625, "00022-00001": 0.2471923828125, "00022-00002": 0.1971435546875, "00022-00003": 0.1697998046875, "00022-00004": 0.1849365234375, "00023-00000": 0.239501953125, "00023-00001": 0.2239990234375, "00023-00002": 0.241455078125, "00023-00003": 0.272216796875, "00023-00004": 0.256103515625, "00024-00000": 0.1929931640625, "00024-00001": 0.2083740234375, "00024-00002": 0.22119140625, "00024-00003": 0.203369140625, "00024-00004": 0.2275390625, "00025-00000": 0.1783447265625, "00025-00001": 0.275390625, "00025-00002": 0.2080078125, "00025-00003": 0.251220703125, "00025-00004": 0.28564453125, "00026-00000": 0.2841796875, "00026-00001": 0.26025390625, "00026-00002": 0.27001953125, "00026-00003": 0.2174072265625, "00026-00004": 0.278076171875, "00027-00000": 0.277587890625, "00027-00001": 0.2958984375, "00027-00002": 0.28857421875, "00027-00003": 0.312744140625, "00027-00004": 0.31494140625, "00028-00000": 0.3037109375, "00028-00001": 0.297119140625, "00028-00002": 0.257080078125, "00028-00003": 0.29541015625, "00028-00004": 0.278564453125, "00029-00000": 0.263671875, "00029-00001": 0.28271484375, "00029-00002": 0.260986328125, "00029-00003": 0.296630859375, "00029-00004": 0.279296875, "00030-00000": 0.274169921875, "00030-00001": 0.28955078125, "00030-00002": 0.29833984375, "00030-00003": 0.285400390625, "00030-00004": 0.309814453125, "00031-00000": 0.35693359375, "00031-00001": 0.277587890625, "00031-00002": 0.32421875, "00031-00003": 0.27197265625, "00031-00004": 0.346435546875, "00032-00000": 0.2030029296875, "00032-00001": 0.19384765625, "00032-00002": 0.1832275390625, "00032-00003": 0.193115234375, "00032-00004": 0.1966552734375, "00033-00000": 0.285400390625, "00033-00001": 0.1893310546875, "00033-00002": 0.287109375, "00033-00003": 0.1680908203125, "00033-00004": 0.28662109375, "00034-00000": 0.26806640625, "00034-00001": 0.2587890625, "00034-00002": 0.2705078125, "00034-00003": 0.270751953125, "00034-00004": 0.25634765625, "00035-00000": 0.3037109375, "00035-00001": 0.303955078125, "00035-00002": 0.310791015625, "00035-00003": 0.2998046875, "00035-00004": 0.297119140625, "00036-00000": 0.256103515625, "00036-00001": 0.304443359375, "00036-00002": 0.251953125, "00036-00003": 0.281494140625, "00036-00004": 0.25, "00037-00000": 0.312255859375, "00037-00001": 0.316650390625, "00037-00002": 0.268798828125, "00037-00003": 0.27783203125, "00037-00004": 0.32421875, "00038-00000": 0.28857421875, "00038-00001": 0.255859375, "00038-00002": 0.263427734375, "00038-00003": 0.2408447265625, "00038-00004": 0.251708984375, "00039-00000": 0.19140625, "00039-00001": 0.208984375, "00039-00002": 0.1964111328125, "00039-00003": 0.2271728515625, "00039-00004": 0.25439453125, "00040-00000": 0.299560546875, "00040-00001": 0.272216796875, "00040-00002": 0.288818359375, "00040-00003": 0.2958984375, "00040-00004": 0.290283203125, "00041-00000": 0.255126953125, "00041-00001": 0.23828125, "00041-00002": 0.2412109375, "00041-00003": 0.2783203125, "00041-00004": 0.2210693359375, "00042-00000": 0.250732421875, "00042-00001": 0.300537109375, "00042-00002": 0.272705078125, "00042-00003": 0.268798828125, "00042-00004": 0.279541015625, "00043-00000": 0.3056640625, "00043-00001": 0.264404296875, "00043-00002": 0.262451171875, "00043-00003": 0.2296142578125, "00043-00004": 0.304931640625, "00044-00000": 0.290283203125, "00044-00001": 0.244140625, "00044-00002": 0.277587890625, "00044-00003": 0.267822265625, "00044-00004": 0.262451171875, "00045-00000": 0.26220703125, "00045-00001": 0.263671875, "00045-00002": 0.281982421875, "00045-00003": 0.294921875, "00045-00004": 0.273681640625, "00046-00000": 0.2120361328125, "00046-00001": 0.274169921875, "00046-00002": 0.2626953125, "00046-00003": 0.281982421875, "00046-00004": 0.253173828125, "00047-00000": 0.2509765625, "00047-00001": 0.2481689453125, "00047-00002": 0.22900390625, "00047-00003": 0.252197265625, "00047-00004": 0.242431640625, "00048-00000": 0.2327880859375, "00048-00001": 0.20166015625, "00048-00002": 0.251953125, "00048-00003": 0.19921875, "00048-00004": 0.2261962890625, "00049-00000": 0.26904296875, "00049-00001": 0.23583984375, "00049-00002": 0.2244873046875, "00049-00003": 0.22314453125, "00049-00004": 0.236083984375, "00050-00000": 0.273681640625, "00050-00001": 0.317138671875, "00050-00002": 0.3017578125, "00050-00003": 0.28173828125, "00050-00004": 0.32373046875, "00051-00000": 0.2296142578125, "00051-00001": 0.204345703125, "00051-00002": 0.2320556640625, "00051-00003": 0.2138671875, "00051-00004": 0.21630859375, "00052-00000": 0.357421875, "00052-00001": 0.3193359375, "00052-00002": 0.34716796875, "00052-00003": 0.29345703125,