{"00000-00000": 0.3251953125, "00000-00001": 0.309326171875, "00000-00002": 0.323486328125, "00000-00003": 0.31591796875, "00000-00004": 0.318115234375, "00001-00000": 0.2249755859375, "00001-00001": 0.224853515625, "00001-00002": 0.2210693359375, "00001-00003": 0.223388671875, "00001-00004": 0.2222900390625, "00002-00000": 0.22607421875, "00002-00001": 0.220703125, "00002-00002": 0.2183837890625, "00002-00003": 0.2110595703125, "00002-00004": 0.2159423828125, "00003-00000": 0.231201171875, "00003-00001": 0.2607421875, "00003-00002": 0.2237548828125, "00003-00003": 0.2264404296875, "00003-00004": 0.25146484375, "00004-00000": 0.26806640625, "00004-00001": 0.261962890625, "00004-00002": 0.28515625, "00004-00003": 0.2666015625, "00004-00004": 0.252197265625, "00005-00000": 0.289794921875, "00005-00001": 0.296630859375, "00005-00002": 0.30224609375, "00005-00003": 0.300048828125, "00005-00004": 0.29150390625, "00006-00000": 0.23876953125, "00006-00001": 0.2364501953125, "00006-00002": 0.2296142578125, "00006-00003": 0.231201171875, "00006-00004": 0.234130859375, "00007-00000": 0.2159423828125, "00007-00001": 0.1927490234375, "00007-00002": 0.1956787109375, "00007-00003": 0.1796875, "00007-00004": 0.19580078125, "00008-00000": 0.227783203125, "00008-00001": 0.2261962890625, "00008-00002": 0.221923828125, "00008-00003": 0.2252197265625, "00008-00004": 0.22607421875, "00009-00000": 0.261962890625, "00009-00001": 0.26025390625, "00009-00002": 0.27587890625, "00009-00003": 0.261962890625, "00009-00004": 0.25927734375, "00010-00000": 0.2890625, "00010-00001": 0.291748046875, "00010-00002": 0.249755859375, "00010-00003": 0.293701171875, "00010-00004": 0.284423828125, "00011-00000": 0.249755859375, "00011-00001": 0.265869140625, "00011-00002": 0.25634765625, "00011-00003": 0.276123046875, "00011-00004": 0.25244140625, "00012-00000": 0.27294921875, "00012-00001": 0.272705078125, "00012-00002": 0.263427734375, "00012-00003": 0.2705078125, "00012-00004": 0.26806640625, "00013-00000": 0.25537109375, "00013-00001": 0.2415771484375, "00013-00002": 0.259521484375, "00013-00003": 0.237548828125, "00013-00004": 0.251953125, "00014-00000": 0.269775390625, "00014-00001": 0.269287109375, "00014-00002": 0.267822265625, "00014-00003": 0.264892578125, "00014-00004": 0.275146484375, "00015-00000": 0.238037109375, "00015-00001": 0.24169921875, "00015-00002": 0.226806640625, "00015-00003": 0.2509765625, "00015-00004": 0.28662109375, "00016-00000": 0.2861328125, "00016-00001": 0.336669921875, "00016-00002": 0.281494140625, "00016-00003": 0.2802734375, "00016-00004": 0.32080078125, "00017-00000": 0.281494140625, "00017-00001": 0.314453125, "00017-00002": 0.29150390625, "00017-00003": 0.326416015625, "00017-00004": 0.31982421875, "00018-00000": 0.253662109375, "00018-00001": 0.24169921875, "00018-00002": 0.26318359375, "00018-00003": 0.2352294921875, "00018-00004": 0.2509765625, "00019-00000": 0.272705078125, "00019-00001": 0.26171875, "00019-00002": 0.267333984375, "00019-00003": 0.27490234375, "00019-00004": 0.27978515625, "00020-00000": 0.305908203125, "00020-00001": 0.288818359375, "00020-00002": 0.2880859375, "00020-00003": 0.30029296875, "00020-00004": 0.302978515625, "00021-00000": 0.27978515625, "00021-00001": 0.27294921875, "00021-00002": 0.2734375, "00021-00003": 0.2900390625, "00021-00004": 0.26318359375, "00022-00000": 0.269287109375, "00022-00001": 0.259765625, "00022-00002": 0.264892578125, "00022-00003": 0.251708984375, "00022-00004": 0.267578125, "00023-00000": 0.21923828125, "00023-00001": 0.209228515625, "00023-00002": 0.2099609375, "00023-00003": 0.2120361328125, "00023-00004": 0.2125244140625, "00024-00000": 0.176025390625, "00024-00001": 0.181640625, "00024-00002": 0.184814453125, "00024-00003": 0.1934814453125, "00024-00004": 0.1932373046875, "00025-00000": 0.25439453125, "00025-00001": 0.2431640625, "00025-00002": 0.233642578125, "00025-00003": 0.21142578125, "00025-00004": 0.254638671875, "00026-00000": 0.259765625, "00026-00001": 0.2744140625, "00026-00002": 0.271484375, "00026-00003": 0.2626953125, "00026-00004": 0.253173828125, "00027-00000": 0.302490234375, "00027-00001": 0.29931640625, "00027-00002": 0.293212890625, "00027-00003": 0.310791015625, "00027-00004": 0.327392578125, "00028-00000": 0.28125, "00028-00001": 0.2978515625, "00028-00002": 0.284423828125, "00028-00003": 0.308837890625, "00028-00004": 0.2939453125, "00029-00000": 0.243408203125, "00029-00001": 0.2496337890625, "00029-00002": 0.244140625, "00029-00003": 0.250244140625, "00029-00004": 0.2333984375, "00030-00000": 0.256591796875, "00030-00001": 0.1629638671875, "00030-00002": 0.20849609375, "00030-00003": 0.205078125, "00030-00004": 0.174072265625, "00031-00000": 0.27978515625, "00031-00001": 0.2744140625, "00031-00002": 0.275390625, "00031-00003": 0.295166015625, "00031-00004": 0.2783203125, "00032-00000": 0.2222900390625, "00032-00001": 0.2216796875, "00032-00002": 0.233642578125, "00032-00003": 0.227294921875, "00032-00004": 0.229248046875, "00033-00000": 0.28662109375, "00033-00001": 0.284423828125, "00033-00002": 0.2802734375, "00033-00003": 0.2919921875, "00033-00004": 0.267333984375, "00034-00000": 0.258544921875, "00034-00001": 0.27587890625, "00034-00002": 0.255859375, "00034-00003": 0.271240234375, "00034-00004": 0.27587890625, "00035-00000": 0.277587890625, "00035-00001": 0.292236328125, "00035-00002": 0.28564453125, "00035-00003": 0.2880859375, "00035-00004": 0.28955078125, "00036-00000": 0.268310546875, "00036-00001": 0.257568359375, "00036-00002": 0.25146484375, "00036-00003": 0.267578125, "00036-00004": 0.258056640625, "00037-00000": 0.232666015625, "00037-00001": 0.22802734375, "00037-00002": 0.234619140625, "00037-00003": 0.2283935546875, "00037-00004": 0.2281494140625, "00038-00000": 0.203369140625, "00038-00001": 0.2010498046875, "00038-00002": 0.2049560546875, "00038-00003": 0.2047119140625, "00038-00004": 0.2021484375, "00039-00000": 0.2227783203125, "00039-00001": 0.23388671875, "00039-00002": 0.2308349609375, "00039-00003": 0.2225341796875, "00039-00004": 0.2274169921875, "00040-00000": 0.21435546875, "00040-00001": 0.2205810546875, "00040-00002": 0.2176513671875, "00040-00003": 0.224609375, "00040-00004": 0.2088623046875, "00041-00000": 0.243408203125, "00041-00001": 0.2459716796875, "00041-00002": 0.24267578125, "00041-00003": 0.25390625, "00041-00004": 0.2467041015625, "00042-00000": 0.24658203125, "00042-00001": 0.268798828125, "00042-00002": 0.263427734375, "00042-00003": 0.26318359375, "00042-00004": 0.253662109375, "00043-00000": 0.2314453125, "00043-00001": 0.2119140625, "00043-00002": 0.209716796875, "00043-00003": 0.218017578125, "00043-00004": 0.207763671875, "00044-00000": 0.25390625, "00044-00001": 0.273681640625, "00044-00002": 0.255615234375, "00044-00003": 0.262939453125, "00044-00004": 0.238525390625, "00045-00000": 0.260498046875, "00045-00001": 0.265869140625, "00045-00002": 0.263427734375, "00045-00003": 0.25927734375, "00045-00004": 0.2587890625, "00046-00000": 0.2349853515625, "00046-00001": 0.2333984375, "00046-00002": 0.2254638671875, "00046-00003": 0.245361328125, "00046-00004": 0.23681640625, "00047-00000": 0.254638671875, "00047-00001": 0.2607421875, "00047-00002": 0.259765625, "00047-00003": 0.255859375, "00047-00004": 0.25732421875, "00048-00000": 0.2880859375, "00048-00001": 0.291015625, "00048-00002": 0.298095703125, "00048-00003": 0.278564453125, "00048-00004": 0.28857421875, "00049-00000": 0.239013671875, "00049-00001": 0.224853515625, "00049-00002": 0.234375, "00049-00003": 0.2451171875, "00049-00004": 0.2412109375, "00050-00000": 0.3095703125, "00050-00001": 0.31689453125, "00050-00002": 0.301025390625, "00050-00003": 0.31103515625, "00050-00004": 0.299072265625, "00051-00000": 0.269775390625, "00051-00001": 0.275390625, "00051-00002": 0.269775390625, "00051-00003": 0.251953125, "00051-00004": 0.27099609375, "00052-00000": 0.27734375, "00052-00001": 0.308837890625, "00052-00002": 0.28369140625, "00052-00003": 0.28076171875,