{"00000-00000": 0.285400390625, "00000-00001": 0.30126953125, "00000-00002": 0.290771484375, "00000-00003": 0.265869140625, "00000-00004": 0.28076171875, "00001-00000": 0.26025390625, "00001-00001": 0.25439453125, "00001-00002": 0.238037109375, "00001-00003": 0.274658203125, "00001-00004": 0.2568359375, "00002-00000": 0.266357421875, "00002-00001": 0.2386474609375, "00002-00002": 0.276123046875, "00002-00003": 0.27490234375, "00002-00004": 0.279541015625, "00003-00000": 0.300048828125, "00003-00001": 0.2724609375, "00003-00002": 0.2802734375, "00003-00003": 0.271728515625, "00003-00004": 0.299560546875, "00004-00000": 0.28857421875, "00004-00001": 0.293212890625, "00004-00002": 0.306396484375, "00004-00003": 0.271728515625, "00004-00004": 0.30517578125, "00005-00000": 0.2509765625, "00005-00001": 0.31298828125, "00005-00002": 0.287353515625, "00005-00003": 0.267578125, "00005-00004": 0.3037109375, "00006-00000": 0.266357421875, "00006-00001": 0.259765625, "00006-00002": 0.265380859375, "00006-00003": 0.2763671875, "00006-00004": 0.260986328125, "00007-00000": 0.293212890625, "00007-00001": 0.2861328125, "00007-00002": 0.29052734375, "00007-00003": 0.27880859375, "00007-00004": 0.2294921875, "00008-00000": 0.24951171875, "00008-00001": 0.248291015625, "00008-00002": 0.23876953125, "00008-00003": 0.247802734375, "00008-00004": 0.2479248046875, "00009-00000": 0.2413330078125, "00009-00001": 0.2486572265625, "00009-00002": 0.2548828125, "00009-00003": 0.251953125, "00009-00004": 0.2490234375, "00010-00000": 0.281494140625, "00010-00001": 0.32666015625, "00010-00002": 0.307861328125, "00010-00003": 0.29541015625, "00010-00004": 0.279296875, "00011-00000": 0.327880859375, "00011-00001": 0.32275390625, "00011-00002": 0.326171875, "00011-00003": 0.330078125, "00011-00004": 0.304443359375, "00012-00000": 0.260009765625, "00012-00001": 0.2452392578125, "00012-00002": 0.2435302734375, "00012-00003": 0.259033203125, "00012-00004": 0.2454833984375, "00013-00000": 0.26953125, "00013-00001": 0.26513671875, "00013-00002": 0.361083984375, "00013-00003": 0.31103515625, "00013-00004": 0.294189453125, "00014-00000": 0.31201171875, "00014-00001": 0.286376953125, "00014-00002": 0.284423828125, "00014-00003": 0.281982421875, "00014-00004": 0.287841796875, "00015-00000": 0.350830078125, "00015-00001": 0.3046875, "00015-00002": 0.3349609375, "00015-00003": 0.32177734375, "00015-00004": 0.313720703125, "00016-00000": 0.3330078125, "00016-00001": 0.29541015625, "00016-00002": 0.28076171875, "00016-00003": 0.35107421875, "00016-00004": 0.354248046875, "00017-00000": 0.33447265625, "00017-00001": 0.2783203125, "00017-00002": 0.33984375, "00017-00003": 0.322998046875, "00017-00004": 0.3154296875, "00018-00000": 0.268310546875, "00018-00001": 0.284423828125, "00018-00002": 0.291015625, "00018-00003": 0.28076171875, "00018-00004": 0.2362060546875, "00019-00000": 0.29345703125, "00019-00001": 0.326416015625, "00019-00002": 0.277587890625, "00019-00003": 0.325927734375, "00019-00004": 0.330322265625, "00020-00000": 0.3291015625, "00020-00001": 0.2666015625, "00020-00002": 0.25341796875, "00020-00003": 0.3046875, "00020-00004": 0.275146484375, "00021-00000": 0.2939453125, "00021-00001": 0.29345703125, "00021-00002": 0.27197265625, "00021-00003": 0.3076171875, "00021-00004": 0.342041015625, "00022-00000": 0.285400390625, "00022-00001": 0.31396484375, "00022-00002": 0.257568359375, "00022-00003": 0.270751953125, "00022-00004": 0.30517578125, "00023-00000": 0.2626953125, "00023-00001": 0.262939453125, "00023-00002": 0.25244140625, "00023-00003": 0.23193359375, "00023-00004": 0.26171875, "00024-00000": 0.190185546875, "00024-00001": 0.2198486328125, "00024-00002": 0.1878662109375, "00024-00003": 0.1732177734375, "00024-00004": 0.14306640625, "00025-00000": 0.297119140625, "00025-00001": 0.30322265625, "00025-00002": 0.314697265625, "00025-00003": 0.29541015625, "00025-00004": 0.307373046875, "00026-00000": 0.294189453125, "00026-00001": 0.319580078125, "00026-00002": 0.299072265625, "00026-00003": 0.278564453125, "00026-00004": 0.255126953125, "00027-00000": 0.277099609375, "00027-00001": 0.284912109375, "00027-00002": 0.28662109375, "00027-00003": 0.262939453125, "00027-00004": 0.28173828125, "00028-00000": 0.250244140625, "00028-00001": 0.2470703125, "00028-00002": 0.26416015625, "00028-00003": 0.256103515625, "00028-00004": 0.25927734375, "00029-00000": 0.260009765625, "00029-00001": 0.257080078125, "00029-00002": 0.275634765625, "00029-00003": 0.269775390625, "00029-00004": 0.2802734375, "00030-00000": 0.279296875, "00030-00001": 0.273193359375, "00030-00002": 0.25341796875, "00030-00003": 0.24072265625, "00030-00004": 0.2393798828125, "00031-00000": 0.322021484375, "00031-00001": 0.30615234375, "00031-00002": 0.321533203125, "00031-00003": 0.33935546875, "00031-00004": 0.281494140625, "00032-00000": 0.2393798828125, "00032-00001": 0.22705078125, "00032-00002": 0.212646484375, "00032-00003": 0.25048828125, "00032-00004": 0.2479248046875, "00033-00000": 0.27392578125, "00033-00001": 0.2802734375, "00033-00002": 0.300048828125, "00033-00003": 0.278076171875, "00033-00004": 0.2127685546875, "00034-00000": 0.276123046875, "00034-00001": 0.28173828125, "00034-00002": 0.26513671875, "00034-00003": 0.266357421875, "00034-00004": 0.28955078125, "00035-00000": 0.28857421875, "00035-00001": 0.258056640625, "00035-00002": 0.2646484375, "00035-00003": 0.2734375, "00035-00004": 0.271484375, "00036-00000": 0.253662109375, "00036-00001": 0.27392578125, "00036-00002": 0.265869140625, "00036-00003": 0.270263671875, "00036-00004": 0.255615234375, "00037-00000": 0.2919921875, "00037-00001": 0.2802734375, "00037-00002": 0.302734375, "00037-00003": 0.307861328125, "00037-00004": 0.310791015625, "00038-00000": 0.2607421875, "00038-00001": 0.29296875, "00038-00002": 0.253173828125, "00038-00003": 0.26806640625, "00038-00004": 0.25146484375, "00039-00000": 0.253662109375, "00039-00001": 0.234619140625, "00039-00002": 0.236083984375, "00039-00003": 0.253173828125, "00039-00004": 0.247314453125, "00040-00000": 0.2491455078125, "00040-00001": 0.262451171875, "00040-00002": 0.267333984375, "00040-00003": 0.197265625, "00040-00004": 0.269287109375, "00041-00000": 0.251220703125, "00041-00001": 0.251953125, "00041-00002": 0.263671875, "00041-00003": 0.25439453125, "00041-00004": 0.24267578125, "00042-00000": 0.26171875, "00042-00001": 0.267822265625, "00042-00002": 0.281494140625, "00042-00003": 0.2314453125, "00042-00004": 0.2587890625, "00043-00000": 0.27587890625, "00043-00001": 0.2469482421875, "00043-00002": 0.291259765625, "00043-00003": 0.276123046875, "00043-00004": 0.25048828125, "00044-00000": 0.281494140625, "00044-00001": 0.262939453125, "00044-00002": 0.3251953125, "00044-00003": 0.258544921875, "00044-00004": 0.292236328125, "00045-00000": 0.268310546875, "00045-00001": 0.25390625, "00045-00002": 0.276123046875, "00045-00003": 0.264892578125, "00045-00004": 0.279052734375, "00046-00000": 0.257080078125, "00046-00001": 0.2493896484375, "00046-00002": 0.26025390625, "00046-00003": 0.2493896484375, "00046-00004": 0.216064453125, "00047-00000": 0.25732421875, "00047-00001": 0.266357421875, "00047-00002": 0.25927734375, "00047-00003": 0.259521484375, "00047-00004": 0.2646484375, "00048-00000": 0.308837890625, "00048-00001": 0.19873046875, "00048-00002": 0.263916015625, "00048-00003": 0.318115234375, "00048-00004": 0.29345703125, "00049-00000": 0.2705078125, "00049-00001": 0.248291015625, "00049-00002": 0.256103515625, "00049-00003": 0.269775390625, "00049-00004": 0.2464599609375, "00050-00000": 0.3408203125, "00050-00001": 0.31201171875, "00050-00002": 0.365234375, "00050-00003": 0.322021484375, "00050-00004": 0.279296875, "00051-00000": 0.255859375, "00051-00001": 0.2454833984375, "00051-00002": 0.2218017578125, "00051-00003": 0.24462890625, "00051-00004": 0.2247314453125, "00052-00000": 0.26708984375, "00052-00001": 0.30712890625, "00052-00002": 0.29931640625, "00052-00003": 0.256103515625,