{"00000-00000": 3.95703125, "00000-00001": 3.603515625, "00000-00002": 3.71875, "00000-00003": 3.853515625, "00000-00004": 3.919921875, "00001-00000": 2.943359375, "00001-00001": 3.1015625, "00001-00002": 3.072265625, "00001-00003": 2.90234375, "00001-00004": 3.064453125, "00002-00000": 2.91015625, "00002-00001": 1.5478515625, "00002-00002": 2.765625, "00002-00003": 2.380859375, "00002-00004": 2.525390625, "00003-00000": 3.283203125, "00003-00001": 2.400390625, "00003-00002": 2.619140625, "00003-00003": 3.541015625, "00003-00004": 3.32421875, "00004-00000": 3.380859375, "00004-00001": 2.55078125, "00004-00002": 3.14453125, "00004-00003": 2.578125, "00004-00004": 3.09765625, "00005-00000": 3.958984375, "00005-00001": 3.490234375, "00005-00002": 3.85546875, "00005-00003": 3.6015625, "00005-00004": 3.818359375, "00006-00000": 2.96875, "00006-00001": 3.04296875, "00006-00002": 3.0703125, "00006-00003": 2.939453125, "00006-00004": 2.951171875, "00007-00000": 2.748046875, "00007-00001": 2.927734375, "00007-00002": 2.802734375, "00007-00003": 2.88671875, "00007-00004": 2.306640625, "00008-00000": 2.984375, "00008-00001": 1.5576171875, "00008-00002": 2.5859375, "00008-00003": 3.33984375, "00008-00004": 2.650390625, "00009-00000": 3.71875, "00009-00001": 3.744140625, "00009-00002": 3.8046875, "00009-00003": 3.80078125, "00009-00004": 3.76171875, "00010-00000": 2.37890625, "00010-00001": 2.54296875, "00010-00002": 2.525390625, "00010-00003": 1.9296875, "00010-00004": 1.6845703125, "00011-00000": 2.751953125, "00011-00001": 3.544921875, "00011-00002": 3.7421875, "00011-00003": 3.51953125, "00011-00004": 3.630859375, "00012-00000": 3.125, "00012-00001": 3.005859375, "00012-00002": 3.087890625, "00012-00003": 3.212890625, "00012-00004": 3.330078125, "00013-00000": 3.91796875, "00013-00001": 4.22265625, "00013-00002": 3.236328125, "00013-00003": 3.189453125, "00013-00004": 4.17578125, "00014-00000": 3.8203125, "00014-00001": 3.853515625, "00014-00002": 4.0078125, "00014-00003": 4.00390625, "00014-00004": 3.791015625, "00015-00000": 3.32421875, "00015-00001": 3.267578125, "00015-00002": 3.25, "00015-00003": 3.314453125, "00015-00004": 3.0234375, "00016-00000": 4.203125, "00016-00001": 4.15234375, "00016-00002": 4.28125, "00016-00003": 4.171875, "00016-00004": 4.23046875, "00017-00000": 4.20703125, "00017-00001": 4.21875, "00017-00002": 4.14453125, "00017-00003": 4.12890625, "00017-00004": 4.09375, "00018-00000": 2.220703125, "00018-00001": 2.244140625, "00018-00002": 2.6171875, "00018-00003": 2.57421875, "00018-00004": 2.279296875, "00019-00000": 3.65625, "00019-00001": 3.603515625, "00019-00002": 3.68359375, "00019-00003": 3.5625, "00019-00004": 3.482421875, "00020-00000": 4.18359375, "00020-00001": 4.15625, "00020-00002": 4.3359375, "00020-00003": 4.31640625, "00020-00004": 4.2734375, "00021-00000": 1.66015625, "00021-00001": 2.083984375, "00021-00002": 1.2421875, "00021-00003": 1.2578125, "00021-00004": 0.990234375, "00022-00000": 2.9609375, "00022-00001": 3.02734375, "00022-00002": 2.736328125, "00022-00003": 2.984375, "00022-00004": 3.068359375, "00023-00000": 3.421875, "00023-00001": 3.4765625, "00023-00002": 3.47265625, "00023-00003": 3.18359375, "00023-00004": 3.294921875, "00024-00000": -0.218017578125, "00024-00001": -0.379150390625, "00024-00002": -1.17578125, "00024-00003": -1.2744140625, "00024-00004": -0.6357421875, "00025-00000": 3.513671875, "00025-00001": 3.474609375, "00025-00002": 3.42578125, "00025-00003": 3.287109375, "00025-00004": 3.2265625, "00026-00000": 1.53125, "00026-00001": 1.7197265625, "00026-00002": 1.6533203125, "00026-00003": 2.015625, "00026-00004": 1.93359375, "00027-00000": 2.7109375, "00027-00001": 2.380859375, "00027-00002": 2.228515625, "00027-00003": 2.5390625, "00027-00004": 2.896484375, "00028-00000": 4.37109375, "00028-00001": 4.375, "00028-00002": 4.40234375, "00028-00003": 4.42578125, "00028-00004": 4.33203125, "00029-00000": 3.388671875, "00029-00001": 3.109375, "00029-00002": 3.49609375, "00029-00003": 3.333984375, "00029-00004": 3.30859375, "00030-00000": -3.390625, "00030-00001": -3.37109375, "00030-00002": -1.779296875, "00030-00003": -3.453125, "00030-00004": -3.4296875, "00031-00000": 4.10546875, "00031-00001": 4.09765625, "00031-00002": 4.1015625, "00031-00003": 4.1484375, "00031-00004": 4.0859375, "00032-00000": 0.927734375, "00032-00001": 0.471923828125, "00032-00002": 0.31298828125, "00032-00003": 0.472412109375, "00032-00004": 0.5400390625, "00033-00000": -0.45068359375, "00033-00001": -0.232177734375, "00033-00002": 0.7001953125, "00033-00003": 1.5322265625, "00033-00004": -0.49755859375, "00034-00000": 4.171875, "00034-00001": 4.0234375, "00034-00002": 4.08984375, "00034-00003": 4.0078125, "00034-00004": 4.0078125, "00035-00000": 3.689453125, "00035-00001": 3.681640625, "00035-00002": 3.767578125, "00035-00003": 3.6875, "00035-00004": 3.68359375, "00036-00000": 3.72265625, "00036-00001": 3.51953125, "00036-00002": 3.7734375, "00036-00003": 3.6796875, "00036-00004": 3.638671875, "00037-00000": 3.595703125, "00037-00001": 3.7421875, "00037-00002": 3.2734375, "00037-00003": 3.205078125, "00037-00004": 3.63671875, "00038-00000": 1.7451171875, "00038-00001": 0.5029296875, "00038-00002": 0.7373046875, "00038-00003": 1.046875, "00038-00004": 0.6728515625, "00039-00000": 2.48046875, "00039-00001": 2.197265625, "00039-00002": 2.583984375, "00039-00003": 2.109375, "00039-00004": 2.21484375, "00040-00000": -0.7841796875, "00040-00001": -1.0068359375, "00040-00002": -0.7421875, "00040-00003": -0.442138671875, "00040-00004": -1.2568359375, "00041-00000": 2.904296875, "00041-00001": 1.8984375, "00041-00002": 2.431640625, "00041-00003": 3.091796875, "00041-00004": 2.365234375, "00042-00000": 3.443359375, "00042-00001": 3.40234375, "00042-00002": 3.26171875, "00042-00003": 3.361328125, "00042-00004": 3.458984375, "00043-00000": 3.705078125, "00043-00001": 3.53125, "00043-00002": 3.294921875, "00043-00003": 3.63671875, "00043-00004": 3.5, "00044-00000": 2.40625, "00044-00001": 1.560546875, "00044-00002": 3.09375, "00044-00003": 2.7265625, "00044-00004": 2.47265625, "00045-00000": 3.359375, "00045-00001": 3.541015625, "00045-00002": 3.57421875, "00045-00003": 3.5859375, "00045-00004": 3.701171875, "00046-00000": 3.740234375, "00046-00001": 3.892578125, "00046-00002": 3.908203125, "00046-00003": 3.828125, "00046-00004": 3.935546875, "00047-00000": 3.369140625, "00047-00001": 3.369140625, "00047-00002": 3.357421875, "00047-00003": 3.359375, "00047-00004": 3.36328125, "00048-00000": 3.640625, "00048-00001": 3.8671875, "00048-00002": 3.771484375, "00048-00003": 3.66796875, "00048-00004": 3.484375, "00049-00000": 0.484130859375, "00049-00001": 0.295166015625, "00049-00002": -0.1903076171875, "00049-00003": -0.0634765625, "00049-00004": 0.6728515625, "00050-00000": 3.349609375, "00050-00001": 1.84375, "00050-00002": -0.05975341796875, "00050-00003": 3.9296875, "00050-00004": 3.357421875, "00051-00000": 3.923828125, "00051-00001": 3.82421875, "00051-00002": 3.8125, "00051-00003": 3.666015625, "00051-00004": 3.787109375, "00052-00000": -0.059539794921875, "00052-00001": 0.642578125, "00052-00002": 0.8955078125, "00052-00003": 0.830078125, "00052-00004": 3.052734375, "00053-00000": 1.7548828125, "00053-00001": 2.373046875, "00053-00002": 2.275390625, "00053-00003": 2.11328125, "00053-00004": 2.396484375, "00054-00000": 3.826171875, "00054-00001": 3.435546875, "00054-00002": 3.689453125, "00054-00003": 3.677734375, "00054-00004": 3.826171875, "00055-00000": 2.474609375, "00055-00001": 2.30078125, "00055-00002": 2.3359375, "00055-00003": 2.26953125, "00055-00004": 2.529296875, "00056-00000": 4.20703125, "00056-00001": 4.3203125, "00056-00002": 4.296875, "00056-00003": 4.2421875, "00056-00004": 4.3515625, "00057-00000": 0.8974609375, "00057-00001": 1.9853515625, "00057-00002": 2.7734375, "00057-00003": 2.220703125, "00057-00004": 2.15625, "00058-00000": 3.9765625, "00058-00001": 3.9296875, "00058-00002": 3.6484375,