{"00000-00000": 3.984375, "00000-00001": 3.7890625, "00000-00002": 3.673828125, "00000-00003": 3.08984375, "00000-00004": 3.5625, "00001-00000": 3.01953125, "00001-00001": 3.791015625, "00001-00002": 3.638671875, "00001-00003": 3.27734375, "00001-00004": 3.5, "00002-00000": 2.314453125, "00002-00001": 2.5, "00002-00002": 2.35546875, "00002-00003": 2.48046875, "00002-00004": 2.32421875, "00003-00000": 0.5986328125, "00003-00001": 1.1240234375, "00003-00002": 3.013671875, "00003-00003": 3.375, "00003-00004": 1.0341796875, "00004-00000": 3.94140625, "00004-00001": 4.16015625, "00004-00002": 4.1875, "00004-00003": 4.12890625, "00004-00004": 4.1796875, "00005-00000": 3.953125, "00005-00001": 4.11328125, "00005-00002": 4.12890625, "00005-00003": 4.125, "00005-00004": 4.171875, "00006-00000": 3.3671875, "00006-00001": 3.177734375, "00006-00002": 3.126953125, "00006-00003": 3.078125, "00006-00004": 3.302734375, "00007-00000": 3.818359375, "00007-00001": 3.947265625, "00007-00002": 3.2421875, "00007-00003": 3.419921875, "00007-00004": 3.29296875, "00008-00000": 1.8466796875, "00008-00001": 3.65234375, "00008-00002": 3.060546875, "00008-00003": 3.5234375, "00008-00004": 2.029296875, "00009-00000": 3.607421875, "00009-00001": 3.478515625, "00009-00002": 3.177734375, "00009-00003": 3.1328125, "00009-00004": 3.54296875, "00010-00000": 3.263671875, "00010-00001": 3.0859375, "00010-00002": 3.78515625, "00010-00003": 3.037109375, "00010-00004": 3.416015625, "00011-00000": 3.98046875, "00011-00001": 3.357421875, "00011-00002": 3.66796875, "00011-00003": 3.564453125, "00011-00004": 3.556640625, "00012-00000": 2.03125, "00012-00001": 1.9873046875, "00012-00002": 1.9638671875, "00012-00003": 1.8203125, "00012-00004": 1.1767578125, "00013-00000": 3.765625, "00013-00001": 3.791015625, "00013-00002": 2.734375, "00013-00003": 0.327392578125, "00013-00004": 3.73828125, "00014-00000": 4.1484375, "00014-00001": 4.046875, "00014-00002": 3.94140625, "00014-00003": 3.470703125, "00014-00004": 4.04296875, "00015-00000": 3.359375, "00015-00001": 3.6875, "00015-00002": 2.91796875, "00015-00003": 4.19140625, "00015-00004": 3.96875, "00016-00000": 3.015625, "00016-00001": 3.6171875, "00016-00002": 4.23828125, "00016-00003": 4.02734375, "00016-00004": 3.98046875, "00017-00000": 2.47265625, "00017-00001": 4.03515625, "00017-00002": 4.0625, "00017-00003": 3.115234375, "00017-00004": 1.513671875, "00018-00000": 3.7421875, "00018-00001": 3.861328125, "00018-00002": 3.451171875, "00018-00003": 3.537109375, "00018-00004": 4.0625, "00019-00000": 2.9296875, "00019-00001": -0.340087890625, "00019-00002": 2.34375, "00019-00003": 2.587890625, "00019-00004": 3.1171875, "00020-00000": 4.19921875, "00020-00001": 4.21875, "00020-00002": 3.57421875, "00020-00003": 3.876953125, "00020-00004": 3.759765625, "00021-00000": 2.267578125, "00021-00001": 3.453125, "00021-00002": 3.078125, "00021-00003": 2.560546875, "00021-00004": 2.9453125, "00022-00000": 1.7294921875, "00022-00001": -3.677734375, "00022-00002": 2.390625, "00022-00003": 0.880859375, "00022-00004": -3.01171875, "00023-00000": 2.3125, "00023-00001": 3.8203125, "00023-00002": 3.373046875, "00023-00003": 3.453125, "00023-00004": 2.46484375, "00024-00000": -1.6552734375, "00024-00001": -1.609375, "00024-00002": -1.5244140625, "00024-00003": -1.2041015625, "00024-00004": -0.9423828125, "00025-00000": 3.447265625, "00025-00001": 2.85546875, "00025-00002": 3.24609375, "00025-00003": 2.947265625, "00025-00004": 2.80859375, "00026-00000": 3.693359375, "00026-00001": 3.302734375, "00026-00002": 3.892578125, "00026-00003": 3.33984375, "00026-00004": 3.10546875, "00027-00000": 1.4130859375, "00027-00001": 1.3798828125, "00027-00002": 1.6455078125, "00027-00003": 2.296875, "00027-00004": 1.9306640625, "00028-00000": -1.7099609375, "00028-00001": 1.1103515625, "00028-00002": -0.95703125, "00028-00003": -1.3515625, "00028-00004": -1.2587890625, "00029-00000": 0.8115234375, "00029-00001": 1.5654296875, "00029-00002": 1.421875, "00029-00003": 2.568359375, "00029-00004": 2.1953125, "00030-00000": 3.28125, "00030-00001": 3.052734375, "00030-00002": 2.84765625, "00030-00003": 2.884765625, "00030-00004": 3.26953125, "00031-00000": 3.578125, "00031-00001": 3.734375, "00031-00002": 3.837890625, "00031-00003": 1.5439453125, "00031-00004": 3.923828125, "00032-00000": 2.857421875, "00032-00001": 3.69921875, "00032-00002": 3.1640625, "00032-00003": 3.51171875, "00032-00004": 3.416015625, "00033-00000": 2.310546875, "00033-00001": 1.126953125, "00033-00002": 1.26171875, "00033-00003": 1.7109375, "00033-00004": 2.509765625, "00034-00000": 3.576171875, "00034-00001": 3.69921875, "00034-00002": 3.705078125, "00034-00003": 3.53515625, "00034-00004": 3.64453125, "00035-00000": 2.947265625, "00035-00001": 3.361328125, "00035-00002": 3.65234375, "00035-00003": 3.0859375, "00035-00004": 3.134765625, "00036-00000": 3.12890625, "00036-00001": 3.41015625, "00036-00002": 3.275390625, "00036-00003": 1.833984375, "00036-00004": 3.041015625, "00037-00000": 3.86328125, "00037-00001": 3.447265625, "00037-00002": 3.146484375, "00037-00003": 2.447265625, "00037-00004": -1.759765625, "00038-00000": 4.0, "00038-00001": 3.46875, "00038-00002": 4.1796875, "00038-00003": 3.7109375, "00038-00004": 4.14453125, "00039-00000": 1.9150390625, "00039-00001": 2.453125, "00039-00002": 1.4609375, "00039-00003": 0.73828125, "00039-00004": 2.810546875, "00040-00000": 3.1796875, "00040-00001": 3.19921875, "00040-00002": 3.294921875, "00040-00003": 3.41796875, "00040-00004": 3.443359375, "00041-00000": 2.076171875, "00041-00001": 3.1171875, "00041-00002": 2.58984375, "00041-00003": 2.533203125, "00041-00004": 3.083984375, "00042-00000": 2.708984375, "00042-00001": 3.447265625, "00042-00002": 3.505859375, "00042-00003": 3.361328125, "00042-00004": 3.5546875, "00043-00000": 2.32421875, "00043-00001": 3.212890625, "00043-00002": 3.552734375, "00043-00003": 3.599609375, "00043-00004": 3.23046875, "00044-00000": 4.1796875, "00044-00001": 4.04296875, "00044-00002": 4.1796875, "00044-00003": 4.171875, "00044-00004": 4.23828125, "00045-00000": 3.5546875, "00045-00001": 3.607421875, "00045-00002": 3.53515625, "00045-00003": 3.7421875, "00045-00004": 3.421875, "00046-00000": 3.935546875, "00046-00001": 3.84375, "00046-00002": 3.873046875, "00046-00003": 4.015625, "00046-00004": 3.9765625, "00047-00000": 2.43359375, "00047-00001": 3.271484375, "00047-00002": 3.3203125, "00047-00003": 3.19921875, "00047-00004": 3.16796875, "00048-00000": 3.5390625, "00048-00001": 4.34765625, "00048-00002": 3.716796875, "00048-00003": 4.15625, "00048-00004": 4.01953125, "00049-00000": 4.06640625, "00049-00001": 3.77734375, "00049-00002": 3.896484375, "00049-00003": 3.98046875, "00049-00004": 3.857421875, "00050-00000": 0.876953125, "00050-00001": 0.6953125, "00050-00002": 0.505859375, "00050-00003": 0.06634521484375, "00050-00004": 0.34423828125, "00051-00000": 1.2060546875, "00051-00001": 2.21484375, "00051-00002": 1.3857421875, "00051-00003": 2.7734375, "00051-00004": 2.98046875, "00052-00000": 2.07421875, "00052-00001": 3.291015625, "00052-00002": 2.41015625, "00052-00003": -1.431640625, "00052-00004": 2.69140625, "00053-00000": 2.71484375, "00053-00001": 3.689453125, "00053-00002": 0.08062744140625, "00053-00003": 2.787109375, "00053-00004": 2.533203125, "00054-00000": 2.625, "00054-00001": 2.525390625, "00054-00002": 2.939453125, "00054-00003": 3.482421875, "00054-00004": 2.375, "00055-00000": 0.603515625, "00055-00001": -0.634765625, "00055-00002": 2.548828125, "00055-00003": 0.434814453125, "00055-00004": 2.080078125, "00056-00000": 4.06640625, "00056-00001": 4.20703125, "00056-00002": 4.16015625, "00056-00003": 4.1640625, "00056-00004": 4.1875, "00057-00000": 3.201171875, "00057-00001": 2.841796875, "00057-00002": 2.6015625, "00057-00003": 2.81640625, "00057-00004": 2.7421875, "00058-00000": 0.276123046875, "00058-00001": 0.798828125, "00058-00002": 3.830078125, "00058-00003": 1.169921875, "00058-00004": 0.41796875,