{"00000-00000": 3.869140625, "00000-00001": 3.650390625, "00000-00002": 3.716796875, "00000-00003": 3.455078125, "00000-00004": 3.48828125, "00001-00000": 2.001953125, "00001-00001": 2.548828125, "00001-00002": 2.708984375, "00001-00003": 2.55859375, "00001-00004": 2.541015625, "00002-00000": 2.529296875, "00002-00001": 3.34375, "00002-00002": 3.65625, "00002-00003": 2.58203125, "00002-00004": 2.943359375, "00003-00000": 1.01171875, "00003-00001": 0.5556640625, "00003-00002": 1.3369140625, "00003-00003": 0.326171875, "00003-00004": 3.4921875, "00004-00000": 4.15234375, "00004-00001": -1.7041015625, "00004-00002": 3.0, "00004-00003": 4.25390625, "00004-00004": 3.76171875, "00005-00000": 4.02734375, "00005-00001": 3.021484375, "00005-00002": 3.8046875, "00005-00003": 3.716796875, "00005-00004": 3.875, "00006-00000": 3.06640625, "00006-00001": 3.240234375, "00006-00002": 3.30078125, "00006-00003": 2.73828125, "00006-00004": 3.337890625, "00007-00000": 3.01171875, "00007-00001": 3.51171875, "00007-00002": 3.966796875, "00007-00003": 2.927734375, "00007-00004": 2.216796875, "00008-00000": 1.6982421875, "00008-00001": 3.61328125, "00008-00002": 3.083984375, "00008-00003": 4.125, "00008-00004": 4.2265625, "00009-00000": 3.69140625, "00009-00001": 3.66796875, "00009-00002": 3.314453125, "00009-00003": 3.927734375, "00009-00004": 3.453125, "00010-00000": 3.705078125, "00010-00001": 2.8359375, "00010-00002": 3.470703125, "00010-00003": 3.35546875, "00010-00004": 2.642578125, "00011-00000": 3.99609375, "00011-00001": 3.376953125, "00011-00002": 3.810546875, "00011-00003": 4.08984375, "00011-00004": 3.302734375, "00012-00000": 2.076171875, "00012-00001": 2.458984375, "00012-00002": 3.373046875, "00012-00003": 3.02734375, "00012-00004": 1.2216796875, "00013-00000": 3.529296875, "00013-00001": 0.5732421875, "00013-00002": 1.837890625, "00013-00003": 2.392578125, "00013-00004": 2.984375, "00014-00000": 4.2578125, "00014-00001": 4.265625, "00014-00002": 4.17578125, "00014-00003": 4.1953125, "00014-00004": 4.28515625, "00015-00000": 1.451171875, "00015-00001": 1.9541015625, "00015-00002": 1.830078125, "00015-00003": 2.865234375, "00015-00004": 1.005859375, "00016-00000": 3.98046875, "00016-00001": 4.05859375, "00016-00002": 3.8046875, "00016-00003": 3.69921875, "00016-00004": 4.01171875, "00017-00000": 3.99609375, "00017-00001": 3.44921875, "00017-00002": 2.57421875, "00017-00003": 4.26171875, "00017-00004": 4.203125, "00018-00000": 4.15234375, "00018-00001": 0.3603515625, "00018-00002": 0.1053466796875, "00018-00003": -0.9833984375, "00018-00004": 3.82421875, "00019-00000": 3.009765625, "00019-00001": 0.763671875, "00019-00002": 2.384765625, "00019-00003": 0.3310546875, "00019-00004": 0.1077880859375, "00020-00000": 4.25390625, "00020-00001": 3.646484375, "00020-00002": -0.2529296875, "00020-00003": 4.3046875, "00020-00004": 4.15234375, "00021-00000": 3.310546875, "00021-00001": 3.314453125, "00021-00002": 4.0, "00021-00003": 0.7998046875, "00021-00004": 4.00390625, "00022-00000": -0.436767578125, "00022-00001": 2.283203125, "00022-00002": -1.654296875, "00022-00003": -0.453857421875, "00022-00004": -1.1796875, "00023-00000": 3.142578125, "00023-00001": 2.4375, "00023-00002": 2.888671875, "00023-00003": 2.806640625, "00023-00004": 2.9296875, "00024-00000": -1.6103515625, "00024-00001": -2.75, "00024-00002": -2.998046875, "00024-00003": -3.03125, "00024-00004": -2.78515625, "00025-00000": 1.03125, "00025-00001": 3.080078125, "00025-00002": 1.4404296875, "00025-00003": 3.6796875, "00025-00004": 3.53515625, "00026-00000": 2.8359375, "00026-00001": 2.943359375, "00026-00002": 2.484375, "00026-00003": 2.556640625, "00026-00004": 2.880859375, "00027-00000": 3.0078125, "00027-00001": 3.57421875, "00027-00002": 2.462890625, "00027-00003": 3.984375, "00027-00004": 3.611328125, "00028-00000": 0.7138671875, "00028-00001": 1.70703125, "00028-00002": 2.060546875, "00028-00003": 4.37890625, "00028-00004": 4.17578125, "00029-00000": 3.16796875, "00029-00001": 2.84765625, "00029-00002": 3.017578125, "00029-00003": 2.482421875, "00029-00004": 1.228515625, "00030-00000": 3.283203125, "00030-00001": 2.513671875, "00030-00002": 2.66015625, "00030-00003": 3.1484375, "00030-00004": 3.328125, "00031-00000": 4.2265625, "00031-00001": 3.435546875, "00031-00002": 4.01171875, "00031-00003": 1.3701171875, "00031-00004": 4.015625, "00032-00000": 2.154296875, "00032-00001": 2.345703125, "00032-00002": 1.58203125, "00032-00003": 1.6298828125, "00032-00004": 2.783203125, "00033-00000": 2.0078125, "00033-00001": 0.5693359375, "00033-00002": 1.7490234375, "00033-00003": 1.5283203125, "00033-00004": 0.9921875, "00034-00000": 3.318359375, "00034-00001": 3.6015625, "00034-00002": 3.8125, "00034-00003": 3.728515625, "00034-00004": 2.92578125, "00035-00000": 3.548828125, "00035-00001": 3.302734375, "00035-00002": 3.560546875, "00035-00003": 3.77734375, "00035-00004": 3.716796875, "00036-00000": 2.693359375, "00036-00001": 3.728515625, "00036-00002": 2.93359375, "00036-00003": 3.24609375, "00036-00004": 3.0, "00037-00000": 1.9599609375, "00037-00001": 3.85546875, "00037-00002": -0.0482177734375, "00037-00003": 1.244140625, "00037-00004": 4.2109375, "00038-00000": 3.4140625, "00038-00001": 3.5703125, "00038-00002": 2.576171875, "00038-00003": 2.349609375, "00038-00004": 3.185546875, "00039-00000": -2.978515625, "00039-00001": -0.97265625, "00039-00002": -3.142578125, "00039-00003": -1.853515625, "00039-00004": -0.796875, "00040-00000": 3.216796875, "00040-00001": 3.423828125, "00040-00002": 3.22265625, "00040-00003": 2.201171875, "00040-00004": 3.330078125, "00041-00000": 2.779296875, "00041-00001": 3.19921875, "00041-00002": 2.462890625, "00041-00003": 3.828125, "00041-00004": 2.861328125, "00042-00000": 3.494140625, "00042-00001": 1.5400390625, "00042-00002": 1.9814453125, "00042-00003": 3.75390625, "00042-00004": 2.724609375, "00043-00000": 3.623046875, "00043-00001": 3.419921875, "00043-00002": 3.435546875, "00043-00003": 2.029296875, "00043-00004": 3.3203125, "00044-00000": 2.734375, "00044-00001": 1.029296875, "00044-00002": -0.1956787109375, "00044-00003": -1.4189453125, "00044-00004": 1.5380859375, "00045-00000": 3.5625, "00045-00001": 2.916015625, "00045-00002": 3.1875, "00045-00003": 3.361328125, "00045-00004": 3.27734375, "00046-00000": 3.693359375, "00046-00001": 3.888671875, "00046-00002": 3.97265625, "00046-00003": 3.5859375, "00046-00004": 3.693359375, "00047-00000": 3.1796875, "00047-00001": 3.208984375, "00047-00002": 3.00390625, "00047-00003": 3.576171875, "00047-00004": 3.294921875, "00048-00000": 1.1650390625, "00048-00001": 1.06640625, "00048-00002": 0.912109375, "00048-00003": -1.9990234375, "00048-00004": 1.4072265625, "00049-00000": 3.2890625, "00049-00001": 2.521484375, "00049-00002": 0.615234375, "00049-00003": 1.3642578125, "00049-00004": 1.6611328125, "00050-00000": 1.6640625, "00050-00001": 2.62109375, "00050-00002": 0.8681640625, "00050-00003": 3.201171875, "00050-00004": 4.2578125, "00051-00000": 1.90234375, "00051-00001": 1.7705078125, "00051-00002": 2.6796875, "00051-00003": 1.912109375, "00051-00004": 3.09765625, "00052-00000": 3.693359375, "00052-00001": 2.27734375, "00052-00002": 4.1875, "00052-00003": 3.267578125, "00052-00004": 3.3515625, "00053-00000": 3.888671875, "00053-00001": -0.09478759765625, "00053-00002": 3.4140625, "00053-00003": 3.630859375, "00053-00004": 2.701171875, "00054-00000": 3.822265625, "00054-00001": 2.6875, "00054-00002": 3.81640625, "00054-00003": 3.5546875, "00054-00004": 3.0703125, "00055-00000": 2.748046875, "00055-00001": 1.4208984375, "00055-00002": 2.892578125, "00055-00003": 1.517578125, "00055-00004": 2.81640625, "00056-00000": 4.35546875, "00056-00001": 4.38671875, "00056-00002": 4.296875, "00056-00003": 4.34765625, "00056-00004": 4.33203125, "00057-00000": 2.26953125, "00057-00001": 3.712890625, "00057-00002": -0.7578125, "00057-00003": 3.7421875, "00057-00004": 3.58203125, "00058-00000": 4.05859375, "00058-00001": 4.05859375,