{"00000-00000": 3.869140625, "00000-00001": 4.0546875, "00000-00002": 3.62890625, "00000-00003": 4.015625, "00000-00004": 4.09375, "00001-00000": 2.888671875, "00001-00001": 2.91796875, "00001-00002": 2.912109375, "00001-00003": 2.8671875, "00001-00004": 3.21875, "00002-00000": 1.3173828125, "00002-00001": 0.734375, "00002-00002": 0.115478515625, "00002-00003": -0.0150604248046875, "00002-00004": 0.218505859375, "00003-00000": 3.60546875, "00003-00001": 3.21484375, "00003-00002": 3.43359375, "00003-00003": 3.1875, "00003-00004": 3.38671875, "00004-00000": 3.1328125, "00004-00001": 2.58984375, "00004-00002": 3.029296875, "00004-00003": 3.130859375, "00004-00004": 2.982421875, "00005-00000": 4.11328125, "00005-00001": 3.845703125, "00005-00002": 3.9296875, "00005-00003": 4.0703125, "00005-00004": 3.728515625, "00006-00000": 2.970703125, "00006-00001": 3.0625, "00006-00002": 2.86328125, "00006-00003": 2.99609375, "00006-00004": 2.87890625, "00007-00000": 3.185546875, "00007-00001": 3.123046875, "00007-00002": 3.322265625, "00007-00003": 3.119140625, "00007-00004": 2.994140625, "00008-00000": 3.8671875, "00008-00001": 4.23828125, "00008-00002": 4.11328125, "00008-00003": 4.296875, "00008-00004": 4.453125, "00009-00000": 3.724609375, "00009-00001": 3.720703125, "00009-00002": 3.845703125, "00009-00003": 3.8125, "00009-00004": 3.794921875, "00010-00000": 2.283203125, "00010-00001": 1.5888671875, "00010-00002": 3.267578125, "00010-00003": 2.32421875, "00010-00004": 1.0986328125, "00011-00000": 2.88671875, "00011-00001": 3.91015625, "00011-00002": 3.916015625, "00011-00003": 3.62890625, "00011-00004": 3.443359375, "00012-00000": 3.3125, "00012-00001": 3.232421875, "00012-00002": 3.0859375, "00012-00003": 3.525390625, "00012-00004": 3.34765625, "00013-00000": 4.1015625, "00013-00001": 4.15625, "00013-00002": 4.24609375, "00013-00003": 4.17578125, "00013-00004": 4.08984375, "00014-00000": 4.08203125, "00014-00001": 4.0703125, "00014-00002": 4.203125, "00014-00003": 3.98828125, "00014-00004": 3.984375, "00015-00000": 3.189453125, "00015-00001": 1.734375, "00015-00002": 2.703125, "00015-00003": 2.43359375, "00015-00004": 3.505859375, "00016-00000": 4.04296875, "00016-00001": 4.16796875, "00016-00002": 4.13671875, "00016-00003": 4.16796875, "00016-00004": 4.203125, "00017-00000": 4.2265625, "00017-00001": 4.12109375, "00017-00002": 4.21484375, "00017-00003": 4.046875, "00017-00004": 4.0390625, "00018-00000": 2.322265625, "00018-00001": 2.111328125, "00018-00002": 2.4609375, "00018-00003": 1.3515625, "00018-00004": 2.181640625, "00019-00000": 2.583984375, "00019-00001": 3.107421875, "00019-00002": 2.86328125, "00019-00003": 3.798828125, "00019-00004": 2.1484375, "00020-00000": 4.28515625, "00020-00001": 3.474609375, "00020-00002": 2.24609375, "00020-00003": 3.224609375, "00020-00004": 3.4296875, "00021-00000": 2.5859375, "00021-00001": 2.375, "00021-00002": 3.21875, "00021-00003": 2.6875, "00021-00004": 1.5380859375, "00022-00000": 2.119140625, "00022-00001": 1.9345703125, "00022-00002": 2.16796875, "00022-00003": 0.351806640625, "00022-00004": 2.529296875, "00023-00000": 3.423828125, "00023-00001": 3.421875, "00023-00002": 3.234375, "00023-00003": 3.400390625, "00023-00004": 3.46484375, "00024-00000": 0.4140625, "00024-00001": 2.337890625, "00024-00002": -0.31787109375, "00024-00003": 2.044921875, "00024-00004": -1.1689453125, "00025-00000": 3.216796875, "00025-00001": 3.21875, "00025-00002": 3.06640625, "00025-00003": 2.68359375, "00025-00004": 3.068359375, "00026-00000": 1.84375, "00026-00001": 1.6845703125, "00026-00002": 2.244140625, "00026-00003": 0.7900390625, "00026-00004": 2.45703125, "00027-00000": 2.880859375, "00027-00001": 3.896484375, "00027-00002": 3.302734375, "00027-00003": 3.607421875, "00027-00004": 4.03515625, "00028-00000": 4.35546875, "00028-00001": 4.27734375, "00028-00002": 4.32421875, "00028-00003": 4.35546875, "00028-00004": 4.296875, "00029-00000": 3.296875, "00029-00001": 3.267578125, "00029-00002": 3.1640625, "00029-00003": 3.185546875, "00029-00004": 3.29296875, "00030-00000": 2.083984375, "00030-00001": -3.240234375, "00030-00002": 0.505859375, "00030-00003": 0.888671875, "00030-00004": -1.0732421875, "00031-00000": 4.078125, "00031-00001": 4.20703125, "00031-00002": 4.0390625, "00031-00003": 4.06640625, "00031-00004": 4.11328125, "00032-00000": 1.068359375, "00032-00001": 0.951171875, "00032-00002": 1.16015625, "00032-00003": 0.564453125, "00032-00004": 1.0546875, "00033-00000": 1.49609375, "00033-00001": 1.4609375, "00033-00002": 1.8984375, "00033-00003": 2.044921875, "00033-00004": 1.884765625, "00034-00000": 1.591796875, "00034-00001": 3.17578125, "00034-00002": 2.943359375, "00034-00003": 3.234375, "00034-00004": 3.09765625, "00035-00000": 3.751953125, "00035-00001": 3.7421875, "00035-00002": 3.748046875, "00035-00003": 3.771484375, "00035-00004": 3.78125, "00036-00000": 3.607421875, "00036-00001": 3.9765625, "00036-00002": 4.078125, "00036-00003": 3.638671875, "00036-00004": 4.09375, "00037-00000": 4.2109375, "00037-00001": 4.21484375, "00037-00002": 3.841796875, "00037-00003": 4.078125, "00037-00004": 4.09375, "00038-00000": 0.5380859375, "00038-00001": 0.484130859375, "00038-00002": 0.79296875, "00038-00003": 0.37060546875, "00038-00004": -0.008453369140625, "00039-00000": 3.4609375, "00039-00001": 3.6953125, "00039-00002": 3.470703125, "00039-00003": 3.515625, "00039-00004": 2.91796875, "00040-00000": 1.3505859375, "00040-00001": 1.4208984375, "00040-00002": 1.3125, "00040-00003": 2.14453125, "00040-00004": 1.75390625, "00041-00000": 2.51953125, "00041-00001": 2.921875, "00041-00002": 1.443359375, "00041-00003": 1.45703125, "00041-00004": 3.033203125, "00042-00000": 3.36328125, "00042-00001": 3.462890625, "00042-00002": 3.60546875, "00042-00003": 3.314453125, "00042-00004": 3.326171875, "00043-00000": 3.701171875, "00043-00001": 3.658203125, "00043-00002": 3.37109375, "00043-00003": 3.4921875, "00043-00004": 3.494140625, "00044-00000": 1.41796875, "00044-00001": -0.548828125, "00044-00002": 0.43310546875, "00044-00003": 0.0943603515625, "00044-00004": 1.0859375, "00045-00000": 3.705078125, "00045-00001": 3.771484375, "00045-00002": 3.875, "00045-00003": 3.84375, "00045-00004": 3.66796875, "00046-00000": 3.5, "00046-00001": 3.689453125, "00046-00002": 3.583984375, "00046-00003": 3.619140625, "00046-00004": 3.796875, "00047-00000": 3.388671875, "00047-00001": 3.4609375, "00047-00002": 3.39453125, "00047-00003": 3.337890625, "00047-00004": 3.34375, "00048-00000": 3.6953125, "00048-00001": 4.1171875, "00048-00002": 3.7734375, "00048-00003": 3.787109375, "00048-00004": 4.01171875, "00049-00000": -0.0740966796875, "00049-00001": 0.681640625, "00049-00002": 1.337890625, "00049-00003": 2.30859375, "00049-00004": 0.3916015625, "00050-00000": 4.01953125, "00050-00001": 3.232421875, "00050-00002": 3.701171875, "00050-00003": 3.708984375, "00050-00004": 2.6796875, "00051-00000": 3.923828125, "00051-00001": 3.931640625, "00051-00002": 3.82421875, "00051-00003": 3.88671875, "00051-00004": 4.0390625, "00052-00000": 0.50390625, "00052-00001": 1.4248046875, "00052-00002": 3.47265625, "00052-00003": 3.255859375, "00052-00004": 2.974609375, "00053-00000": 2.974609375, "00053-00001": 2.564453125, "00053-00002": 2.537109375, "00053-00003": 2.671875, "00053-00004": 2.59375, "00054-00000": 3.806640625, "00054-00001": 3.810546875, "00054-00002": 4.02734375, "00054-00003": 3.537109375, "00054-00004": 3.77734375, "00055-00000": 2.578125, "00055-00001": 2.03125, "00055-00002": 1.92578125, "00055-00003": 2.57421875, "00055-00004": 2.259765625, "00056-00000": 3.412109375, "00056-00001": 4.4375, "00056-00002": 4.3359375, "00056-00003": 4.3828125, "00056-00004": 4.296875, "00057-00000": 3.39453125, "00057-00001": 1.7080078125, "00057-00002": 2.099609375, "00057-00003": 3.033203125, "00057-00004": 2.4453125, "00058-00000": 4.05078125, "00058-00001": 3.859375, "00058-00002": 3.21484375, "00058-00003": 3.955078125, "00058-00004": 3.90234375,