{"00000-00000": 3.919921875, "00000-00001": 3.779296875, "00000-00002": 3.6875, "00000-00003": 3.0390625, "00000-00004": 3.57421875, "00001-00000": 3.791015625, "00001-00001": 3.732421875, "00001-00002": 3.099609375, "00001-00003": 3.73828125, "00001-00004": 3.662109375, "00002-00000": 2.5859375, "00002-00001": 3.205078125, "00002-00002": 3.59765625, "00002-00003": 3.0078125, "00002-00004": 3.86328125, "00003-00000": 2.177734375, "00003-00001": 0.23974609375, "00003-00002": 0.494384765625, "00003-00003": 0.416748046875, "00003-00004": 0.258056640625, "00004-00000": 4.3671875, "00004-00001": 4.3984375, "00004-00002": 3.88671875, "00004-00003": 4.2578125, "00004-00004": 3.95703125, "00005-00000": 3.689453125, "00005-00001": 4.01953125, "00005-00002": 3.474609375, "00005-00003": 3.609375, "00005-00004": 4.06640625, "00006-00000": 3.40625, "00006-00001": 3.439453125, "00006-00002": 3.390625, "00006-00003": 3.345703125, "00006-00004": 3.271484375, "00007-00000": 3.80078125, "00007-00001": 3.59765625, "00007-00002": 3.73828125, "00007-00003": 3.353515625, "00007-00004": 3.103515625, "00008-00000": 3.931640625, "00008-00001": 3.73828125, "00008-00002": 3.32421875, "00008-00003": 3.640625, "00008-00004": 4.109375, "00009-00000": 3.2734375, "00009-00001": 3.75390625, "00009-00002": 3.513671875, "00009-00003": 3.609375, "00009-00004": 3.453125, "00010-00000": 3.162109375, "00010-00001": 3.630859375, "00010-00002": 3.72265625, "00010-00003": 3.294921875, "00010-00004": 3.623046875, "00011-00000": 3.791015625, "00011-00001": 4.171875, "00011-00002": 4.0234375, "00011-00003": 4.11328125, "00011-00004": 4.12109375, "00012-00000": 2.591796875, "00012-00001": 1.673828125, "00012-00002": 1.904296875, "00012-00003": 2.1953125, "00012-00004": 1.681640625, "00013-00000": 2.326171875, "00013-00001": 3.0859375, "00013-00002": 4.09375, "00013-00003": 4.10546875, "00013-00004": 3.044921875, "00014-00000": 4.24609375, "00014-00001": 4.0234375, "00014-00002": 4.19921875, "00014-00003": 3.916015625, "00014-00004": 4.109375, "00015-00000": 3.880859375, "00015-00001": 3.755859375, "00015-00002": 3.775390625, "00015-00003": 3.943359375, "00015-00004": 1.9150390625, "00016-00000": 4.03515625, "00016-00001": 4.2109375, "00016-00002": 4.1484375, "00016-00003": 4.05078125, "00016-00004": 3.9375, "00017-00000": 3.9296875, "00017-00001": 2.953125, "00017-00002": 4.2578125, "00017-00003": 3.9609375, "00017-00004": 3.830078125, "00018-00000": 3.677734375, "00018-00001": 3.724609375, "00018-00002": 3.8671875, "00018-00003": 3.7890625, "00018-00004": 2.4375, "00019-00000": 1.625, "00019-00001": 3.921875, "00019-00002": 3.822265625, "00019-00003": 3.93359375, "00019-00004": 3.171875, "00020-00000": 3.32421875, "00020-00001": 3.509765625, "00020-00002": 0.98828125, "00020-00003": 4.36328125, "00020-00004": 4.109375, "00021-00000": 3.90625, "00021-00001": 2.14453125, "00021-00002": 3.361328125, "00021-00003": 4.1015625, "00021-00004": 2.515625, "00022-00000": 3.322265625, "00022-00001": 4.09375, "00022-00002": 3.8515625, "00022-00003": 3.85546875, "00022-00004": 3.4921875, "00023-00000": 2.5078125, "00023-00001": 2.8828125, "00023-00002": 3.392578125, "00023-00003": 2.646484375, "00023-00004": 2.7265625, "00024-00000": -2.837890625, "00024-00001": -2.818359375, "00024-00002": -2.064453125, "00024-00003": -2.4765625, "00024-00004": -2.828125, "00025-00000": 2.865234375, "00025-00001": 2.890625, "00025-00002": 3.1328125, "00025-00003": 2.833984375, "00025-00004": 3.021484375, "00026-00000": 1.544921875, "00026-00001": 2.357421875, "00026-00002": 3.10546875, "00026-00003": 3.041015625, "00026-00004": 3.275390625, "00027-00000": 3.25, "00027-00001": 2.025390625, "00027-00002": 2.677734375, "00027-00003": 2.705078125, "00027-00004": 3.46484375, "00028-00000": 3.935546875, "00028-00001": 0.340087890625, "00028-00002": 0.7626953125, "00028-00003": 2.296875, "00028-00004": 1.73046875, "00029-00000": 2.99609375, "00029-00001": 4.09765625, "00029-00002": 3.115234375, "00029-00003": 3.015625, "00029-00004": 3.9453125, "00030-00000": 2.494140625, "00030-00001": 2.248046875, "00030-00002": 2.50390625, "00030-00003": 1.48046875, "00030-00004": 1.3779296875, "00031-00000": 4.0625, "00031-00001": 4.05859375, "00031-00002": 3.787109375, "00031-00003": 3.685546875, "00031-00004": 3.958984375, "00032-00000": 3.8984375, "00032-00001": 3.814453125, "00032-00002": 3.6328125, "00032-00003": 4.24609375, "00032-00004": 3.529296875, "00033-00000": 2.22265625, "00033-00001": 1.939453125, "00033-00002": 1.458984375, "00033-00003": 2.451171875, "00033-00004": 2.216796875, "00034-00000": 3.826171875, "00034-00001": 1.88671875, "00034-00002": 3.525390625, "00034-00003": 3.34375, "00034-00004": 3.263671875, "00035-00000": 3.671875, "00035-00001": 2.619140625, "00035-00002": 2.916015625, "00035-00003": 3.203125, "00035-00004": 2.962890625, "00036-00000": 1.66015625, "00036-00001": 4.1953125, "00036-00002": 4.078125, "00036-00003": 4.0546875, "00036-00004": 3.62109375, "00037-00000": 4.02734375, "00037-00001": 4.04296875, "00037-00002": 4.0859375, "00037-00003": 4.0234375, "00037-00004": 4.18359375, "00038-00000": 3.7109375, "00038-00001": 3.9375, "00038-00002": 4.04296875, "00038-00003": 4.11328125, "00038-00004": 3.78515625, "00039-00000": 1.208984375, "00039-00001": 1.2861328125, "00039-00002": 0.6591796875, "00039-00003": 0.9853515625, "00039-00004": 0.2275390625, "00040-00000": 3.552734375, "00040-00001": 3.439453125, "00040-00002": 3.361328125, "00040-00003": 3.42578125, "00040-00004": 3.41015625, "00041-00000": 3.2421875, "00041-00001": 3.25390625, "00041-00002": 3.4453125, "00041-00003": 3.267578125, "00041-00004": 3.23046875, "00042-00000": 3.458984375, "00042-00001": 3.541015625, "00042-00002": 3.337890625, "00042-00003": 1.90234375, "00042-00004": 3.685546875, "00043-00000": 3.4453125, "00043-00001": 3.29296875, "00043-00002": 3.73046875, "00043-00003": 3.62109375, "00043-00004": 3.47265625, "00044-00000": 0.44091796875, "00044-00001": 1.64453125, "00044-00002": 4.21484375, "00044-00003": 0.845703125, "00044-00004": -0.0755615234375, "00045-00000": 3.7109375, "00045-00001": 2.76953125, "00045-00002": 3.658203125, "00045-00003": 3.140625, "00045-00004": 3.40625, "00046-00000": 3.78125, "00046-00001": 3.908203125, "00046-00002": 3.91015625, "00046-00003": 3.955078125, "00046-00004": 2.939453125, "00047-00000": 3.267578125, "00047-00001": 3.333984375, "00047-00002": 3.35546875, "00047-00003": 3.2578125, "00047-00004": 3.302734375, "00048-00000": 4.2578125, "00048-00001": -1.9169921875, "00048-00002": 2.6328125, "00048-00003": 4.26171875, "00048-00004": 4.1171875, "00049-00000": 3.443359375, "00049-00001": 1.458984375, "00049-00002": 2.419921875, "00049-00003": 3.060546875, "00049-00004": 2.857421875, "00050-00000": 2.236328125, "00050-00001": 2.970703125, "00050-00002": 3.23046875, "00050-00003": 2.322265625, "00050-00004": 2.375, "00051-00000": 4.1875, "00051-00001": 2.935546875, "00051-00002": 3.455078125, "00051-00003": 3.109375, "00051-00004": 3.763671875, "00052-00000": 1.75390625, "00052-00001": 0.88671875, "00052-00002": 1.2861328125, "00052-00003": 0.9931640625, "00052-00004": 0.55078125, "00053-00000": 3.572265625, "00053-00001": 3.62109375, "00053-00002": 3.607421875, "00053-00003": 3.544921875, "00053-00004": 3.3359375, "00054-00000": 3.271484375, "00054-00001": 2.6953125, "00054-00002": 2.7890625, "00054-00003": 2.693359375, "00054-00004": 3.1875, "00055-00000": 2.306640625, "00055-00001": 2.015625, "00055-00002": 2.67578125, "00055-00003": 1.7666015625, "00055-00004": 1.7587890625, "00056-00000": 4.2109375, "00056-00001": 4.3515625, "00056-00002": 4.12109375, "00056-00003": 2.2734375, "00056-00004": 1.826171875, "00057-00000": 1.5283203125, "00057-00001": 1.26171875, "00057-00002": 2.357421875, "00057-00003": 1.306640625, "00057-00004": 1.6611328125, "00058-00000": 4.109375, "00058-00001": 0.423095703125, "00058-00002": 1.6416015625, "00058-00003": 3.984375, "00058-00004": 3.736328125,